covered_entity_name,state,covered_entity_type,individuals_affected,breach_submission_date,type_of_breach,location_of_breached_information,javax.faces.component.UIPanel@48c348d2,web_description,ingestion_time,source_file_path
University of Michigan/Michigan Medicine,MI,Healthcare Provider,551,2026-05-01,Unauthorized Access/Disclosure,Electronic Medical Record,No,null,2026-05-16T14:51:49.733Z,dbfs:/Volumes/workspace/default/healthcare_cyber_raw/hhs_breach_report.csv
Mt. Spokane Pediatrics,WA,Healthcare Provider,32021,2026-04-30,Hacking/IT Incident,Network Server,No,null,2026-05-16T14:51:49.733Z,dbfs:/Volumes/workspace/default/healthcare_cyber_raw/hhs_breach_report.csv
"Ouster, Inc.",CA,Health Plan,574,2026-04-30,Unauthorized Access/Disclosure,Network Server,No,null,2026-05-16T14:51:49.733Z,dbfs:/Volumes/workspace/default/healthcare_cyber_raw/hhs_breach_report.csv
Northwoods Surgery Center,MN,Healthcare Provider,5385,2026-04-29,Hacking/IT Incident,Network Server,No,null,2026-05-16T14:51:49.733Z,dbfs:/Volumes/workspace/default/healthcare_cyber_raw/hhs_breach_report.csv
Tri-Cities Gastroenterology,TN,Healthcare Provider,67115,2026-04-29,Hacking/IT Incident,Network Server,No,null,2026-05-16T14:51:49.733Z,dbfs:/Volumes/workspace/default/healthcare_cyber_raw/hhs_breach_report.csv
Belmont Aesthetic and Reconstructive Plastic Surgery,VA,Healthcare Provider,528,2026-04-23,Hacking/IT Incident,Network Server,No,null,2026-05-16T14:51:49.733Z,dbfs:/Volumes/workspace/default/healthcare_cyber_raw/hhs_breach_report.csv
Interim HealthCare of Lubbock,TX,Healthcare Provider,2071,2026-04-23,Hacking/IT Incident,Network Server,Yes,null,2026-05-16T14:51:49.733Z,dbfs:/Volumes/workspace/default/healthcare_cyber_raw/hhs_breach_report.csv
Interim HealthCare of Amarillo,TX,Healthcare Provider,666,2026-04-23,Hacking/IT Incident,Network Server,Yes,null,2026-05-16T14:51:49.733Z,dbfs:/Volumes/workspace/default/healthcare_cyber_raw/hhs_breach_report.csv
Liberty Bankers Life Ins. Co.,TX,Health Plan,20202,2026-04-22,Hacking/IT Incident,Network Server,Yes,null,2026-05-16T14:51:49.733Z,dbfs:/Volumes/workspace/default/healthcare_cyber_raw/hhs_breach_report.csv
"Spokane Digestive Disease Center, P.S. ",WA,Healthcare Provider,501,2026-04-20,Hacking/IT Incident,Email,No,null,2026-05-16T14:51:49.733Z,dbfs:/Volumes/workspace/default/healthcare_cyber_raw/hhs_breach_report.csv
Prime Care 12 Priority Health,WV,Healthcare Provider,1000,2026-04-20,Hacking/IT Incident,Network Server,No,null,2026-05-16T14:51:49.733Z,dbfs:/Volumes/workspace/default/healthcare_cyber_raw/hhs_breach_report.csv
L.A. Care Health Plan,CA,Health Plan,2885,2026-04-17,Unauthorized Access/Disclosure,Paper/Films,No,null,2026-05-16T14:51:49.733Z,dbfs:/Volumes/workspace/default/healthcare_cyber_raw/hhs_breach_report.csv
"Innovative Scientific Solutions, LLC",SC,Healthcare Provider,143842,2026-04-17,Hacking/IT Incident,Network Server,No,null,2026-05-16T14:51:49.733Z,dbfs:/Volumes/workspace/default/healthcare_cyber_raw/hhs_breach_report.csv
Lennox International Inc.,TX,Health Plan,3709,2026-04-17,Hacking/IT Incident,Network Server,Yes,null,2026-05-16T14:51:49.733Z,dbfs:/Volumes/workspace/default/healthcare_cyber_raw/hhs_breach_report.csv
Iowa Department of Health and Human Services,IA,Health Plan,6717,2026-04-16,Unauthorized Access/Disclosure,Network Server,No,null,2026-05-16T14:51:49.733Z,dbfs:/Volumes/workspace/default/healthcare_cyber_raw/hhs_breach_report.csv
Washington VA Medical Center,DC,Healthcare Provider,1467,2026-04-16,Unauthorized Access/Disclosure,Paper/Films,No,null,2026-05-16T14:51:49.733Z,dbfs:/Volumes/workspace/default/healthcare_cyber_raw/hhs_breach_report.csv
"Mazzola Mardon, P.C.",NY,Business Associate,2123,2026-04-15,Hacking/IT Incident,Network Server,Yes,null,2026-05-16T14:51:49.733Z,dbfs:/Volumes/workspace/default/healthcare_cyber_raw/hhs_breach_report.csv
"City Health, a medical corporation",CA,Healthcare Provider,65000,2026-04-14,Unauthorized Access/Disclosure,Electronic Medical Record,No,null,2026-05-16T14:51:49.733Z,dbfs:/Volumes/workspace/default/healthcare_cyber_raw/hhs_breach_report.csv
Defense Health Agency,VA,Health Plan,1300,2026-04-14,Unauthorized Access/Disclosure,Email,Yes,null,2026-05-16T14:51:49.733Z,dbfs:/Volumes/workspace/default/healthcare_cyber_raw/hhs_breach_report.csv
"Instabase, Inc.",DE,Health Plan,908,2026-04-13,Hacking/IT Incident,Network Server,Yes,null,2026-05-16T14:51:49.733Z,dbfs:/Volumes/workspace/default/healthcare_cyber_raw/hhs_breach_report.csv
"Branch Metrics, Inc.",CA,Health Plan,857,2026-04-10,Hacking/IT Incident,Network Server,Yes,null,2026-05-16T14:51:49.733Z,dbfs:/Volumes/workspace/default/healthcare_cyber_raw/hhs_breach_report.csv
Springfield Hospital ,VT,Healthcare Provider,5892,2026-04-10,Hacking/IT Incident,Email,No,null,2026-05-16T14:51:49.733Z,dbfs:/Volumes/workspace/default/healthcare_cyber_raw/hhs_breach_report.csv
CARE Clinic,MN,Healthcare Provider,500,2026-04-10,Hacking/IT Incident,Email,No,null,2026-05-16T14:51:49.733Z,dbfs:/Volumes/workspace/default/healthcare_cyber_raw/hhs_breach_report.csv
"CardioFit Medical Group, Inc.",CA,Healthcare Provider,7243,2026-04-09,Unauthorized Access/Disclosure,Email,No,null,2026-05-16T14:51:49.733Z,dbfs:/Volumes/workspace/default/healthcare_cyber_raw/hhs_breach_report.csv
Virginia Department of Behavioral Health and Developmental Services,VA,Healthcare Provider,724,2026-04-07,Unauthorized Access/Disclosure,Email,No,null,2026-05-16T14:51:49.733Z,dbfs:/Volumes/workspace/default/healthcare_cyber_raw/hhs_breach_report.csv
Heart South Cardiovascular Group,AL,Healthcare Provider,46666,2026-04-06,Hacking/IT Incident,Network Server,No,null,2026-05-16T14:51:49.733Z,dbfs:/Volumes/workspace/default/healthcare_cyber_raw/hhs_breach_report.csv
Hospital Caribbean Medical Center,null,Healthcare Provider,92000,2026-04-06,Hacking/IT Incident,Network Server,No,null,2026-05-16T14:51:49.733Z,dbfs:/Volumes/workspace/default/healthcare_cyber_raw/hhs_breach_report.csv
"Option Care Health, Inc. ",IL,Healthcare Provider,1891,2026-04-06,Hacking/IT Incident,Email,No,null,2026-05-16T14:51:49.733Z,dbfs:/Volumes/workspace/default/healthcare_cyber_raw/hhs_breach_report.csv
"Rocky Mountain Associated Physicians, P.C. ",UT,Healthcare Provider,50640,2026-04-03,Hacking/IT Incident,Network Server,No,null,2026-05-16T14:51:49.733Z,dbfs:/Volumes/workspace/default/healthcare_cyber_raw/hhs_breach_report.csv
"Village Heart Seller, PC d/b/a Village Heart & Vein Center ",FL,Healthcare Provider,687,2026-04-03,Hacking/IT Incident,Email,No,null,2026-05-16T14:51:49.733Z,dbfs:/Volumes/workspace/default/healthcare_cyber_raw/hhs_breach_report.csv
Southern Illinois Dermatology ,IL,Healthcare Provider,160312,2026-04-02,Hacking/IT Incident,Network Server,No,null,2026-05-16T14:51:49.733Z,dbfs:/Volumes/workspace/default/healthcare_cyber_raw/hhs_breach_report.csv
"Interventional Pain Center, PLLC",TN,Healthcare Provider,3171,2026-03-31,Hacking/IT Incident,Email,No,null,2026-05-16T14:51:49.733Z,dbfs:/Volumes/workspace/default/healthcare_cyber_raw/hhs_breach_report.csv
Waterford Surgical Center,MI,Healthcare Provider,9000,2026-03-30,Hacking/IT Incident,Network Server,No,null,2026-05-16T14:51:49.733Z,dbfs:/Volumes/workspace/default/healthcare_cyber_raw/hhs_breach_report.csv
Austin Plastic and Reconstructive Surgery ,TX,Healthcare Provider,4266,2026-03-30,Hacking/IT Incident,Network Server,No,null,2026-05-16T14:51:49.733Z,dbfs:/Volumes/workspace/default/healthcare_cyber_raw/hhs_breach_report.csv
Healthcare In Action,CA,Healthcare Provider,1143,2026-03-30,Hacking/IT Incident,"Email, Network Server, Other",No,null,2026-05-16T14:51:49.733Z,dbfs:/Volumes/workspace/default/healthcare_cyber_raw/hhs_breach_report.csv
Woodfords Family Services,ME,Healthcare Provider,38061,2026-03-27,Hacking/IT Incident,"Desktop Computer, Electronic Medical Record, Email, Network Server",No,null,2026-05-16T14:51:49.733Z,dbfs:/Volumes/workspace/default/healthcare_cyber_raw/hhs_breach_report.csv
CORPORACION DE SERVICIOS MEDICOS PRIMARIOS Y PREVENCION DE HATILLO,null,Healthcare Provider,24236,2026-03-26,Hacking/IT Incident,Network Server,No,null,2026-05-16T14:51:49.733Z,dbfs:/Volumes/workspace/default/healthcare_cyber_raw/hhs_breach_report.csv
Amedisys,LA,Healthcare Provider,9111,2026-03-26,Hacking/IT Incident,Network Server,Yes,null,2026-05-16T14:51:49.733Z,dbfs:/Volumes/workspace/default/healthcare_cyber_raw/hhs_breach_report.csv
LHC Group,LA,Healthcare Provider,8644,2026-03-26,Hacking/IT Incident,Network Server,Yes,null,2026-05-16T14:51:49.733Z,dbfs:/Volumes/workspace/default/healthcare_cyber_raw/hhs_breach_report.csv
Securian Financial ,MN,Health Plan,500,2026-03-25,Hacking/IT Incident,Network Server,Yes,null,2026-05-16T14:51:49.733Z,dbfs:/Volumes/workspace/default/healthcare_cyber_raw/hhs_breach_report.csv
Fenwick & West Group Health Plan,CA,Health Plan,1740,2026-03-24,Hacking/IT Incident,Network Server,Yes,null,2026-05-16T14:51:49.733Z,dbfs:/Volumes/workspace/default/healthcare_cyber_raw/hhs_breach_report.csv
"Coastal Carolina Health Care, PA",NC,Healthcare Provider,110304,2026-03-24,Hacking/IT Incident,Network Server,No,null,2026-05-16T14:51:49.733Z,dbfs:/Volumes/workspace/default/healthcare_cyber_raw/hhs_breach_report.csv
"VirtuOx, LLC",FL,Healthcare Provider,621,2026-03-24,Hacking/IT Incident,"Network Server, Other",Yes,null,2026-05-16T14:51:49.733Z,dbfs:/Volumes/workspace/default/healthcare_cyber_raw/hhs_breach_report.csv
Continental Casualty Company (CNA),IL,Health Plan,6086,2026-03-23,Hacking/IT Incident,Network Server,Yes,null,2026-05-16T14:51:49.733Z,dbfs:/Volumes/workspace/default/healthcare_cyber_raw/hhs_breach_report.csv
Deaconess Health System,IN,Healthcare Provider,8941,2026-03-20,Hacking/IT Incident,Network Server,Yes,null,2026-05-16T14:51:49.733Z,dbfs:/Volumes/workspace/default/healthcare_cyber_raw/hhs_breach_report.csv
"BeyondFaith Homecare & Rehab, LLC",TX,Healthcare Provider,708,2026-03-19,Hacking/IT Incident,"Electronic Medical Record, Network Server",Yes,null,2026-05-16T14:51:49.733Z,dbfs:/Volumes/workspace/default/healthcare_cyber_raw/hhs_breach_report.csv
Complete Eye Care dba Orem Eye Clinic,UT,Healthcare Provider,5800,2026-03-19,Hacking/IT Incident,"Network Server, Other",No,null,2026-05-16T14:51:49.733Z,dbfs:/Volumes/workspace/default/healthcare_cyber_raw/hhs_breach_report.csv
The South Alabama Regional Planning Commission,AL,Business Associate,3043,2026-03-18,Hacking/IT Incident,Network Server,Yes,null,2026-05-16T14:51:49.733Z,dbfs:/Volumes/workspace/default/healthcare_cyber_raw/hhs_breach_report.csv
"OpenLoop Health, Inc. ",IA,Business Associate,716000,2026-03-17,Hacking/IT Incident,Network Server,Yes,null,2026-05-16T14:51:49.733Z,dbfs:/Volumes/workspace/default/healthcare_cyber_raw/hhs_breach_report.csv
Amyris Incorporated Health and Welfare Plan,CA,Health Plan,2042,2026-03-17,Hacking/IT Incident,Network Server,Yes,null,2026-05-16T14:51:49.733Z,dbfs:/Volumes/workspace/default/healthcare_cyber_raw/hhs_breach_report.csv
Coastal Skin Surgery & Dermatology,FL,Healthcare Provider,6173,2026-03-17,Hacking/IT Incident,Network Server,Yes,null,2026-05-16T14:51:49.733Z,dbfs:/Volumes/workspace/default/healthcare_cyber_raw/hhs_breach_report.csv
Good Samaritan Health Center ,GA,Healthcare Provider,10000,2026-03-16,Hacking/IT Incident,Network Server,No,null,2026-05-16T14:51:49.733Z,dbfs:/Volumes/workspace/default/healthcare_cyber_raw/hhs_breach_report.csv
"Walpole Area Visiting Nurse Association, Inc. ",MA,Healthcare Provider,566,2026-03-16,Hacking/IT Incident,Network Server,Yes,null,2026-05-16T14:51:49.733Z,dbfs:/Volumes/workspace/default/healthcare_cyber_raw/hhs_breach_report.csv
Renovo Chiropractic & Wellness,WA,Healthcare Provider,538,2026-03-16,Theft,"Other, Paper/Films",No,null,2026-05-16T14:51:49.733Z,dbfs:/Volumes/workspace/default/healthcare_cyber_raw/hhs_breach_report.csv
UPMC,PA,Healthcare Provider,687,2026-03-14,Unauthorized Access/Disclosure,Other,No,null,2026-05-16T14:51:49.733Z,dbfs:/Volumes/workspace/default/healthcare_cyber_raw/hhs_breach_report.csv
Wonderland Child & Family Services,WA,Healthcare Provider,1283,2026-03-13,Unauthorized Access/Disclosure,Laptop,No,null,2026-05-16T14:51:49.733Z,dbfs:/Volumes/workspace/default/healthcare_cyber_raw/hhs_breach_report.csv
Trinity Health,MI,Business Associate,2740,2026-03-13,Unauthorized Access/Disclosure,Electronic Medical Record,Yes,null,2026-05-16T14:51:49.733Z,dbfs:/Volumes/workspace/default/healthcare_cyber_raw/hhs_breach_report.csv
Ideal Home Care,OK,Healthcare Provider,1331,2026-03-13,Hacking/IT Incident,Network Server,Yes,null,2026-05-16T14:51:49.733Z,dbfs:/Volumes/workspace/default/healthcare_cyber_raw/hhs_breach_report.csv
A Path of Care Home Health and Hospice,OK,Healthcare Provider,3849,2026-03-13,Hacking/IT Incident,Network Server,Yes,null,2026-05-16T14:51:49.733Z,dbfs:/Volumes/workspace/default/healthcare_cyber_raw/hhs_breach_report.csv
"Bloom Circle, Inc. d/b/a Lena Health",TX,Business Associate,3651,2026-03-13,Hacking/IT Incident,Network Server,Yes,null,2026-05-16T14:51:49.733Z,dbfs:/Volumes/workspace/default/healthcare_cyber_raw/hhs_breach_report.csv
MedPeds Associates of Sarasota,FL,Healthcare Provider,22017,2026-03-13,Hacking/IT Incident,Network Server,No,null,2026-05-16T14:51:49.733Z,dbfs:/Volumes/workspace/default/healthcare_cyber_raw/hhs_breach_report.csv
Central Ohio Urology Group,OH,Healthcare Provider,4234,2026-03-12,Hacking/IT Incident,Network Server,Yes,null,2026-05-16T14:51:49.733Z,dbfs:/Volumes/workspace/default/healthcare_cyber_raw/hhs_breach_report.csv
Team Select ,AZ,Healthcare Provider,949,2026-03-12,Hacking/IT Incident,"Network Server, Other",Yes,null,2026-05-16T14:51:49.733Z,dbfs:/Volumes/workspace/default/healthcare_cyber_raw/hhs_breach_report.csv
SSM Health,OK,Healthcare Provider,597,2026-03-11,Hacking/IT Incident,Network Server,Yes,null,2026-05-16T14:51:49.733Z,dbfs:/Volumes/workspace/default/healthcare_cyber_raw/hhs_breach_report.csv
illumifin Corporation,MN,Business Associate,5385,2026-03-10,Hacking/IT Incident,Network Server,Yes,null,2026-05-16T14:51:49.733Z,dbfs:/Volumes/workspace/default/healthcare_cyber_raw/hhs_breach_report.csv
NYC Health + Hospitals,NY,Healthcare Provider,5086,2026-03-10,Hacking/IT Incident,Network Server,Yes,null,2026-05-16T14:51:49.733Z,dbfs:/Volumes/workspace/default/healthcare_cyber_raw/hhs_breach_report.csv
Delta Medical Systems,WI,Business Associate,1574,2026-03-10,Hacking/IT Incident,Email,Yes,null,2026-05-16T14:51:49.733Z,dbfs:/Volumes/workspace/default/healthcare_cyber_raw/hhs_breach_report.csv
Community Health Action of Staten Island,NY,Healthcare Provider,501,2026-03-09,Hacking/IT Incident,Email,No,null,2026-05-16T14:51:49.733Z,dbfs:/Volumes/workspace/default/healthcare_cyber_raw/hhs_breach_report.csv
Saint Anthony Hospital,IL,Healthcare Provider,146108,2026-03-06,Hacking/IT Incident,Email,No,null,2026-05-16T14:51:49.733Z,dbfs:/Volumes/workspace/default/healthcare_cyber_raw/hhs_breach_report.csv
Barrio Comprehensive Family Health Care Center ,TX,Healthcare Provider,19971,2026-03-06,Hacking/IT Incident,Email,No,null,2026-05-16T14:51:49.733Z,dbfs:/Volumes/workspace/default/healthcare_cyber_raw/hhs_breach_report.csv
County of Murray dba Murray County Medical Center,MN,Healthcare Provider,5073,2026-03-06,Hacking/IT Incident,Email,No,null,2026-05-16T14:51:49.733Z,dbfs:/Volumes/workspace/default/healthcare_cyber_raw/hhs_breach_report.csv
North Texas Behavioral Health Authority,TX,Healthcare Provider,285086,2026-03-06,Hacking/IT Incident,Network Server,No,null,2026-05-16T14:51:49.733Z,dbfs:/Volumes/workspace/default/healthcare_cyber_raw/hhs_breach_report.csv
Exclusive Physicians PLLC,MI,Healthcare Provider,58000,2026-03-06,Hacking/IT Incident,Network Server,No,null,2026-05-16T14:51:49.733Z,dbfs:/Volumes/workspace/default/healthcare_cyber_raw/hhs_breach_report.csv
Cedar Valley Hospice ,IA,Healthcare Provider,10666,2026-03-06,Hacking/IT Incident,Network Server,No,null,2026-05-16T14:51:49.733Z,dbfs:/Volumes/workspace/default/healthcare_cyber_raw/hhs_breach_report.csv
Tieu Dental Corporation ,CA,Healthcare Provider,8918,2026-03-05,Hacking/IT Incident,Network Server,No,null,2026-05-16T14:51:49.733Z,dbfs:/Volumes/workspace/default/healthcare_cyber_raw/hhs_breach_report.csv
Longevity Health Plan,FL,Health Plan,15000,2026-03-04,Hacking/IT Incident,Network Server,Yes,null,2026-05-16T14:51:49.733Z,dbfs:/Volumes/workspace/default/healthcare_cyber_raw/hhs_breach_report.csv
Kin Counseling Services PLLC,CO,Healthcare Provider,500,2026-03-02,Hacking/IT Incident,Email,No,null,2026-05-16T14:51:49.733Z,dbfs:/Volumes/workspace/default/healthcare_cyber_raw/hhs_breach_report.csv
Greater Boston Urology ,MA,Healthcare Provider,4717,2026-02-28,Hacking/IT Incident,Email,Yes,null,2026-05-16T14:51:49.733Z,dbfs:/Volumes/workspace/default/healthcare_cyber_raw/hhs_breach_report.csv
Insurance ACE/Humana Inc.,KY,Health Plan,1000,2026-02-28,Hacking/IT Incident,Network Server,Yes,null,2026-05-16T14:51:49.733Z,dbfs:/Volumes/workspace/default/healthcare_cyber_raw/hhs_breach_report.csv
"Lakeside Pediatrics & Adolescent Medicine, PLLC",ID,Healthcare Provider,34154,2026-02-27,Hacking/IT Incident,Network Server,No,null,2026-05-16T14:51:49.733Z,dbfs:/Volumes/workspace/default/healthcare_cyber_raw/hhs_breach_report.csv
"IPPC Inc., IPPC of New York LLC, and Innovative Pharmacy LLC (collectively “IPPC”)",NJ,Healthcare Provider,133862,2026-02-27,Hacking/IT Incident,Network Server,No,null,2026-05-16T14:51:49.733Z,dbfs:/Volumes/workspace/default/healthcare_cyber_raw/hhs_breach_report.csv
Orthopaedic Institute of Western Kentucky,KY,Healthcare Provider,11474,2026-02-27,Hacking/IT Incident,Network Server,Yes,null,2026-05-16T14:51:49.733Z,dbfs:/Volumes/workspace/default/healthcare_cyber_raw/hhs_breach_report.csv
Jackson Hospital and Clinic,AL,Healthcare Provider,13910,2026-02-27,Hacking/IT Incident,Network Server,Yes,null,2026-05-16T14:51:49.733Z,dbfs:/Volumes/workspace/default/healthcare_cyber_raw/hhs_breach_report.csv
"Nephrology Associates Medical Group, Inc",CA,Healthcare Provider,4631,2026-02-27,Hacking/IT Incident,Email,No,null,2026-05-16T14:51:49.733Z,dbfs:/Volumes/workspace/default/healthcare_cyber_raw/hhs_breach_report.csv
Aetna,CT,Business Associate,775,2026-02-27,Unauthorized Access/Disclosure,Paper/Films,Yes,null,2026-05-16T14:51:49.733Z,dbfs:/Volumes/workspace/default/healthcare_cyber_raw/hhs_breach_report.csv
Aetna,CT,Business Associate,10888,2026-02-27,Unauthorized Access/Disclosure,Paper/Films,Yes,null,2026-05-16T14:51:49.733Z,dbfs:/Volumes/workspace/default/healthcare_cyber_raw/hhs_breach_report.csv
Manhattan Retirement Foundation d/b/a Meadowlark Hills,KS,Healthcare Provider,14442,2026-02-26,Hacking/IT Incident,Network Server,No,null,2026-05-16T14:51:49.733Z,dbfs:/Volumes/workspace/default/healthcare_cyber_raw/hhs_breach_report.csv
"BMG of Kansas, Inc.",KS,Health Plan,1327,2026-02-26,Hacking/IT Incident,Network Server,No,null,2026-05-16T14:51:49.733Z,dbfs:/Volumes/workspace/default/healthcare_cyber_raw/hhs_breach_report.csv
AltaMed Health Services Corporation,CA,Healthcare Provider,501,2026-02-26,Hacking/IT Incident,Network Server,No,null,2026-05-16T14:51:49.733Z,dbfs:/Volumes/workspace/default/healthcare_cyber_raw/hhs_breach_report.csv
"Couve Healthcare Consulting, LLC DBA Evergreen Healthcare Group",WA,Business Associate,11795,2026-02-24,Hacking/IT Incident,Electronic Medical Record,Yes,null,2026-05-16T14:51:49.733Z,dbfs:/Volumes/workspace/default/healthcare_cyber_raw/hhs_breach_report.csv
Weill Cornell Medicine,NY,Healthcare Provider,516,2026-02-23,Unauthorized Access/Disclosure,Electronic Medical Record,No,null,2026-05-16T14:51:49.733Z,dbfs:/Volumes/workspace/default/healthcare_cyber_raw/hhs_breach_report.csv
"QualDerm Partners, LLC",TN,Healthcare Provider,3117874,2026-02-22,Hacking/IT Incident,Network Server,No,null,2026-05-16T14:51:49.733Z,dbfs:/Volumes/workspace/default/healthcare_cyber_raw/hhs_breach_report.csv
"Option Care Health, Inc. ",IL,Healthcare Provider,2086,2026-02-20,Hacking/IT Incident,Email,No,null,2026-05-16T14:51:49.733Z,dbfs:/Volumes/workspace/default/healthcare_cyber_raw/hhs_breach_report.csv
The Center for Advanced Eye Care,ME,Healthcare Provider,9300,2026-02-20,Hacking/IT Incident,"Network Server, Other",No,null,2026-05-16T14:51:49.733Z,dbfs:/Volumes/workspace/default/healthcare_cyber_raw/hhs_breach_report.csv
VNS Behavioral Health Inc. (“VNS Health”),NY,Healthcare Provider,739,2026-02-18,Hacking/IT Incident,Email,No,null,2026-05-16T14:51:49.733Z,dbfs:/Volumes/workspace/default/healthcare_cyber_raw/hhs_breach_report.csv
Builders FirstSource Flex Plan,TX,Health Plan,1514,2026-02-18,Hacking/IT Incident,Network Server,No,null,2026-05-16T14:51:49.733Z,dbfs:/Volumes/workspace/default/healthcare_cyber_raw/hhs_breach_report.csv
Emanuel Medical Center,GA,Healthcare Provider,28963,2026-02-17,Hacking/IT Incident,Network Server,No,null,2026-05-16T14:51:49.733Z,dbfs:/Volumes/workspace/default/healthcare_cyber_raw/hhs_breach_report.csv
Easterseals Northeast Indiana,IN,Healthcare Provider,3158,2026-02-16,Hacking/IT Incident,Network Server,No,null,2026-05-16T14:51:49.733Z,dbfs:/Volumes/workspace/default/healthcare_cyber_raw/hhs_breach_report.csv
44North,MI,Business Associate,2158,2026-02-16,Hacking/IT Incident,Desktop Computer,Yes,null,2026-05-16T14:51:49.733Z,dbfs:/Volumes/workspace/default/healthcare_cyber_raw/hhs_breach_report.csv
"Wee Care Pediatrics, LLC",UT,Healthcare Provider,2127,2026-02-14,Hacking/IT Incident,Network Server,No,null,2026-05-16T14:51:49.733Z,dbfs:/Volumes/workspace/default/healthcare_cyber_raw/hhs_breach_report.csv
National Association on Drug Abuse Problems,NY,Healthcare Provider,90000,2026-02-13,Hacking/IT Incident,Network Server,No,null,2026-05-16T14:51:49.733Z,dbfs:/Volumes/workspace/default/healthcare_cyber_raw/hhs_breach_report.csv
VPS Medical PLLC,PA,Healthcare Provider,4600,2026-02-13,Hacking/IT Incident,Network Server,No,null,2026-05-16T14:51:49.733Z,dbfs:/Volumes/workspace/default/healthcare_cyber_raw/hhs_breach_report.csv
Academic Urology & Urogynecology of Arizona,AZ,Healthcare Provider,73281,2026-02-13,Hacking/IT Incident,Network Server,No,null,2026-05-16T14:51:49.733Z,dbfs:/Volumes/workspace/default/healthcare_cyber_raw/hhs_breach_report.csv
Cedar Valley Services ,MN,Healthcare Provider,501,2026-02-13,Hacking/IT Incident,Network Server,No,null,2026-05-16T14:51:49.733Z,dbfs:/Volumes/workspace/default/healthcare_cyber_raw/hhs_breach_report.csv
Resource Corporation of America,TX,Business Associate,501,2026-02-13,Hacking/IT Incident,Network Server,Yes,null,2026-05-16T14:51:49.733Z,dbfs:/Volumes/workspace/default/healthcare_cyber_raw/hhs_breach_report.csv
"Alexes Hazen MD, PLLC",NY,Healthcare Provider,500,2026-02-12,Hacking/IT Incident,"Email, Network Server",No,null,2026-05-16T14:51:49.733Z,dbfs:/Volumes/workspace/default/healthcare_cyber_raw/hhs_breach_report.csv
"Cedar Point Health, LLC",CO,Healthcare Provider,23114,2026-02-12,Hacking/IT Incident,Network Server,No,null,2026-05-16T14:51:49.733Z,dbfs:/Volumes/workspace/default/healthcare_cyber_raw/hhs_breach_report.csv
"ApolloMD Business Services, LLC",GA,Business Associate,626540,2026-02-10,Hacking/IT Incident,Network Server,Yes,null,2026-05-16T14:51:49.733Z,dbfs:/Volumes/workspace/default/healthcare_cyber_raw/hhs_breach_report.csv
Counseling Center of Wayne & Holmes Counties ,OH,Healthcare Provider,83354,2026-02-09,Hacking/IT Incident,Network Server,No,null,2026-05-16T14:51:49.733Z,dbfs:/Volumes/workspace/default/healthcare_cyber_raw/hhs_breach_report.csv
Wendy Foster OD,KS,Healthcare Provider,20000,2026-02-09,Hacking/IT Incident,Network Server,No,null,2026-05-16T14:51:49.733Z,dbfs:/Volumes/workspace/default/healthcare_cyber_raw/hhs_breach_report.csv
Carolina Foot & Ankle Associates,NC,Healthcare Provider,501,2026-02-09,Hacking/IT Incident,Network Server,No,null,2026-05-16T14:51:49.733Z,dbfs:/Volumes/workspace/default/healthcare_cyber_raw/hhs_breach_report.csv
Marin Cancer Care,CA,Healthcare Provider,501,2026-02-06,Hacking/IT Incident,Network Server,No,null,2026-05-16T14:51:49.733Z,dbfs:/Volumes/workspace/default/healthcare_cyber_raw/hhs_breach_report.csv
TriZetto Provider Solutions,MO,Business Associate,3433965,2026-02-06,Hacking/IT Incident,Network Server,Yes,null,2026-05-16T14:51:49.733Z,dbfs:/Volumes/workspace/default/healthcare_cyber_raw/hhs_breach_report.csv
"Apex Spine & Neurosurgery, LLC",GA,Healthcare Provider,2500,2026-02-06,Hacking/IT Incident,Network Server,No,null,2026-05-16T14:51:49.733Z,dbfs:/Volumes/workspace/default/healthcare_cyber_raw/hhs_breach_report.csv
Triad Radiology Associates,NC,Healthcare Provider,11011,2026-02-06,Hacking/IT Incident,Email,No,null,2026-05-16T14:51:49.733Z,dbfs:/Volumes/workspace/default/healthcare_cyber_raw/hhs_breach_report.csv
Cottage Hospital,NH,Healthcare Provider,1005,2026-02-06,Hacking/IT Incident,Network Server,No,null,2026-05-16T14:51:49.733Z,dbfs:/Volumes/workspace/default/healthcare_cyber_raw/hhs_breach_report.csv
WIRX Pharmacy,PA,Healthcare Provider,20047,2026-02-05,Hacking/IT Incident,Network Server,No,null,2026-05-16T14:51:49.733Z,dbfs:/Volumes/workspace/default/healthcare_cyber_raw/hhs_breach_report.csv
"Personalis, Inc.",CA,Healthcare Provider,650,2026-02-04,Hacking/IT Incident,Email,No,null,2026-05-16T14:51:49.733Z,dbfs:/Volumes/workspace/default/healthcare_cyber_raw/hhs_breach_report.csv
Issaqueena Pediatric Dentistry PA,SC,Healthcare Provider,501,2026-02-04,Hacking/IT Incident,Network Server,No,null,2026-05-16T14:51:49.733Z,dbfs:/Volumes/workspace/default/healthcare_cyber_raw/hhs_breach_report.csv
Fair Oaks Ortho P.C.,VA,Healthcare Provider,1544,2026-02-02,Hacking/IT Incident,Email,No,null,2026-05-16T14:51:49.733Z,dbfs:/Volumes/workspace/default/healthcare_cyber_raw/hhs_breach_report.csv
"High Point Treatment Center, Inc.",MA,Healthcare Provider,25832,2026-01-30,Hacking/IT Incident,"Electronic Medical Record, Network Server",No,null,2026-05-16T14:51:49.733Z,dbfs:/Volumes/workspace/default/healthcare_cyber_raw/hhs_breach_report.csv
"BAYADA Home Health Care, Inc.",NJ,Healthcare Provider,9526,2026-01-30,Hacking/IT Incident,Network Server,Yes,null,2026-05-16T14:51:49.733Z,dbfs:/Volumes/workspace/default/healthcare_cyber_raw/hhs_breach_report.csv
Health and Hospital Corporation of Marion County,IN,Healthcare Provider,792,2026-01-30,Unauthorized Access/Disclosure,"Email, Laptop",No,null,2026-05-16T14:51:49.733Z,dbfs:/Volumes/workspace/default/healthcare_cyber_raw/hhs_breach_report.csv
Clinic Service Corporation,CO,Business Associate,82331,2026-01-28,Hacking/IT Incident,Network Server,Yes,null,2026-05-16T14:51:49.733Z,dbfs:/Volumes/workspace/default/healthcare_cyber_raw/hhs_breach_report.csv
"CashFlow Solutions, LLC",PA,Healthcare Provider,1007,2026-01-28,Unauthorized Access/Disclosure,Email,No,null,2026-05-16T14:51:49.733Z,dbfs:/Volumes/workspace/default/healthcare_cyber_raw/hhs_breach_report.csv
"Wound Technology Network, Inc.",FL,Healthcare Provider,139830,2026-01-28,Hacking/IT Incident,Network Server,No,null,2026-05-16T14:51:49.733Z,dbfs:/Volumes/workspace/default/healthcare_cyber_raw/hhs_breach_report.csv
WindRose Health Network,IN,Healthcare Provider,691,2026-01-27,Hacking/IT Incident,Network Server,No,null,2026-05-16T14:51:49.733Z,dbfs:/Volumes/workspace/default/healthcare_cyber_raw/hhs_breach_report.csv
"Central States Dermatology Services, LLC",IL,Healthcare Provider,4626,2026-01-26,Hacking/IT Incident,Network Server,No,null,2026-05-16T14:51:49.733Z,dbfs:/Volumes/workspace/default/healthcare_cyber_raw/hhs_breach_report.csv
"Pecan Tree Dental, PLLC",TX,Healthcare Provider,13300,2026-01-26,Hacking/IT Incident,Network Server,No,null,2026-05-16T14:51:49.733Z,dbfs:/Volumes/workspace/default/healthcare_cyber_raw/hhs_breach_report.csv
Jefferson-Blount-St. Clair Mental Health Authority,AL,Healthcare Provider,30434,2026-01-23,Hacking/IT Incident,Network Server,No,null,2026-05-16T14:51:49.733Z,dbfs:/Volumes/workspace/default/healthcare_cyber_raw/hhs_breach_report.csv
"Precipio, Inc. ",CT,Healthcare Provider,501,2026-01-23,Hacking/IT Incident,Network Server,No,null,2026-05-16T14:51:49.733Z,dbfs:/Volumes/workspace/default/healthcare_cyber_raw/hhs_breach_report.csv
"True RCM, a Rapid Care Transcription, Inc., Company",MD,Business Associate,1247,2026-01-20,Hacking/IT Incident,Desktop Computer,Yes,null,2026-05-16T14:51:49.733Z,dbfs:/Volumes/workspace/default/healthcare_cyber_raw/hhs_breach_report.csv
Middlesex Sheriff's Office,MA,Healthcare Provider,501,2026-01-20,Hacking/IT Incident,Network Server,No,null,2026-05-16T14:51:49.733Z,dbfs:/Volumes/workspace/default/healthcare_cyber_raw/hhs_breach_report.csv
AdventHealth Daytona Beach ,FL,Healthcare Provider,821,2026-01-20,Loss,Paper/Films,No,null,2026-05-16T14:51:49.733Z,dbfs:/Volumes/workspace/default/healthcare_cyber_raw/hhs_breach_report.csv
Benton County Health,OR,Healthcare Provider,1476,2026-01-16,Hacking/IT Incident,Network Server,Yes,null,2026-05-16T14:51:49.733Z,dbfs:/Volumes/workspace/default/healthcare_cyber_raw/hhs_breach_report.csv
Central Texas MHMR Center dba Center for Life Resource ,TX,Healthcare Provider,501,2026-01-16,Hacking/IT Incident,Network Server,No,null,2026-05-16T14:51:49.733Z,dbfs:/Volumes/workspace/default/healthcare_cyber_raw/hhs_breach_report.csv
Minnesota Department of Human Services,MN,Health Plan,303965,2026-01-16,Unauthorized Access/Disclosure,Network Server,Yes,null,2026-05-16T14:51:49.733Z,dbfs:/Volumes/workspace/default/healthcare_cyber_raw/hhs_breach_report.csv
Superior Care Plus LLC d/b/a Supportive Home Health LLC,OH,Healthcare Provider,1415,2026-01-16,Hacking/IT Incident,Email,No,null,2026-05-16T14:51:49.733Z,dbfs:/Volumes/workspace/default/healthcare_cyber_raw/hhs_breach_report.csv
Administrators of the Tulane Educational Fund d/b/a Tulane University Medical Group,LA,Healthcare Provider,6556,2026-01-15,Hacking/IT Incident,Email,No,null,2026-05-16T14:51:49.733Z,dbfs:/Volumes/workspace/default/healthcare_cyber_raw/hhs_breach_report.csv
360 Dental PC,PA,Healthcare Provider,11273,2026-01-15,Hacking/IT Incident,Network Server,No,null,2026-05-16T14:51:49.733Z,dbfs:/Volumes/workspace/default/healthcare_cyber_raw/hhs_breach_report.csv
"Southern Immediate Care, LLC",AL,Healthcare Provider,7447,2026-01-15,Hacking/IT Incident,Email,No,null,2026-05-16T14:51:49.733Z,dbfs:/Volumes/workspace/default/healthcare_cyber_raw/hhs_breach_report.csv
Florence County Commission on Alcohol & Drug Abuse – dba Circle Park Behavioral Health Services (“Circle Park”),SC,Healthcare Provider,7020,2026-01-14,Hacking/IT Incident,Email,No,null,2026-05-16T14:51:49.733Z,dbfs:/Volumes/workspace/default/healthcare_cyber_raw/hhs_breach_report.csv
"Pinnacle Holdings, LTD",PA,Business Associate,18313,2026-01-13,Hacking/IT Incident,Network Server,Yes,null,2026-05-16T14:51:49.733Z,dbfs:/Volumes/workspace/default/healthcare_cyber_raw/hhs_breach_report.csv
"TMG Health, Inc.",TX,Business Associate,2076,2026-01-13,Unauthorized Access/Disclosure,Network Server,Yes,null,2026-05-16T14:51:49.733Z,dbfs:/Volumes/workspace/default/healthcare_cyber_raw/hhs_breach_report.csv
"FullBeauty Brands, Inc. Associate Benefits Plan",NY,Health Plan,4725,2026-01-13,Hacking/IT Incident,Network Server,No,null,2026-05-16T14:51:49.733Z,dbfs:/Volumes/workspace/default/healthcare_cyber_raw/hhs_breach_report.csv
Avosina Healthcare Solutions,VA,Business Associate,44425,2026-01-10,Hacking/IT Incident,Network Server,Yes,null,2026-05-16T14:51:49.733Z,dbfs:/Volumes/workspace/default/healthcare_cyber_raw/hhs_breach_report.csv
"Home, Hope and Healing, Inc.",ME,Healthcare Provider,501,2026-01-09,Hacking/IT Incident,Network Server,No,null,2026-05-16T14:51:49.733Z,dbfs:/Volumes/workspace/default/healthcare_cyber_raw/hhs_breach_report.csv
"The Center for Neuropsychology and Learning, PC ",MI,Healthcare Provider,3722,2026-01-09,Hacking/IT Incident,Network Server,No,null,2026-05-16T14:51:49.733Z,dbfs:/Volumes/workspace/default/healthcare_cyber_raw/hhs_breach_report.csv
Central Ozarks Medical Center,MO,Healthcare Provider,11818,2026-01-09,Hacking/IT Incident,Network Server,No,null,2026-05-16T14:51:49.733Z,dbfs:/Volumes/workspace/default/healthcare_cyber_raw/hhs_breach_report.csv
Devereux Foundation,PA,Healthcare Provider,501,2026-01-08,Hacking/IT Incident,Network Server,No,null,2026-05-16T14:51:49.733Z,dbfs:/Volumes/workspace/default/healthcare_cyber_raw/hhs_breach_report.csv
"ABKSW PREFERRED HEALTH PARTNERS, PLLC d/b/a NORTH TEXAS PREFERRED HEALTH PARTNERS",TX,Healthcare Provider,2074,2026-01-08,Hacking/IT Incident,Network Server,Yes,null,2026-05-16T14:51:49.733Z,dbfs:/Volumes/workspace/default/healthcare_cyber_raw/hhs_breach_report.csv
Methodist Homes of Alabama and Northwest Florida,AL,Healthcare Provider,1406,2026-01-06,Hacking/IT Incident,Email,No,null,2026-05-16T14:51:49.733Z,dbfs:/Volumes/workspace/default/healthcare_cyber_raw/hhs_breach_report.csv
Pit River Health Service Inc.,CA,Healthcare Provider,1800,2026-01-06,Hacking/IT Incident,Network Server,No,null,2026-05-16T14:51:49.733Z,dbfs:/Volumes/workspace/default/healthcare_cyber_raw/hhs_breach_report.csv
Iowa Health and Human Services,IA,Health Plan,3340,2026-01-06,Hacking/IT Incident,Network Server,Yes,null,2026-05-16T14:51:49.733Z,dbfs:/Volumes/workspace/default/healthcare_cyber_raw/hhs_breach_report.csv
Texas Health and Human Services Commission,TX,Health Plan,68066,2026-01-05,Hacking/IT Incident,Network Server,Yes,null,2026-05-16T14:51:49.733Z,dbfs:/Volumes/workspace/default/healthcare_cyber_raw/hhs_breach_report.csv
"Mid Michigan Medical Billing Service, Inc.",MI,Business Associate,28185,2026-01-05,Hacking/IT Incident,Network Server,Yes,null,2026-05-16T14:51:49.733Z,dbfs:/Volumes/workspace/default/healthcare_cyber_raw/hhs_breach_report.csv
"Pines of Sarasota Healthcare, LLC",FL,Healthcare Provider,1258,2025-12-31,Hacking/IT Incident,Email,No,null,2026-05-16T14:51:49.733Z,dbfs:/Volumes/workspace/default/healthcare_cyber_raw/hhs_breach_report.csv
Advanced Healthcare Professionals,TX,Healthcare Provider,800,2025-12-31,Hacking/IT Incident,Network Server,No,null,2026-05-16T14:51:49.733Z,dbfs:/Volumes/workspace/default/healthcare_cyber_raw/hhs_breach_report.csv
"Standards Home Health, Inc. ",TX,Healthcare Provider,6847,2025-12-31,Hacking/IT Incident,Email,No,null,2026-05-16T14:51:49.733Z,dbfs:/Volumes/workspace/default/healthcare_cyber_raw/hhs_breach_report.csv
Andover Eye Associates,MA,Healthcare Provider,1638,2025-12-31,Hacking/IT Incident,Email,No,null,2026-05-16T14:51:49.733Z,dbfs:/Volumes/workspace/default/healthcare_cyber_raw/hhs_breach_report.csv
"Steel Encounters, Inc.",UT,Healthcare Provider,959,2025-12-31,Hacking/IT Incident,Network Server,No,null,2026-05-16T14:51:49.733Z,dbfs:/Volumes/workspace/default/healthcare_cyber_raw/hhs_breach_report.csv
Advantage Capital Holdings LLC,UT,Health Plan,26343,2025-12-30,Hacking/IT Incident,Network Server,No,null,2026-05-16T14:51:49.733Z,dbfs:/Volumes/workspace/default/healthcare_cyber_raw/hhs_breach_report.csv
"Associated Radiologists of the Finger Lakes, P.C.",NY,Business Associate,501,2025-12-29,Hacking/IT Incident,Network Server,Yes,null,2026-05-16T14:51:49.733Z,dbfs:/Volumes/workspace/default/healthcare_cyber_raw/hhs_breach_report.csv
"Docs Medical Group, Inc. dba Pulse Urgent Care",CA,Healthcare Provider,4035,2025-12-28,Hacking/IT Incident,Network Server,No,null,2026-05-16T14:51:49.733Z,dbfs:/Volumes/workspace/default/healthcare_cyber_raw/hhs_breach_report.csv
CareOregon,OR,Health Plan,5473,2025-12-26,Unauthorized Access/Disclosure,Network Server,No,null,2026-05-16T14:51:49.733Z,dbfs:/Volumes/workspace/default/healthcare_cyber_raw/hhs_breach_report.csv
"BlueCross BlueShield of Tennessee, Inc. ",TN,Business Associate,780,2025-12-26,Unauthorized Access/Disclosure,Email,Yes,null,2026-05-16T14:51:49.733Z,dbfs:/Volumes/workspace/default/healthcare_cyber_raw/hhs_breach_report.csv
Glendale Obstetrics & Gynecology PCA,AZ,Healthcare Provider,501,2025-12-24,Hacking/IT Incident,Network Server,No,null,2026-05-16T14:51:49.733Z,dbfs:/Volumes/workspace/default/healthcare_cyber_raw/hhs_breach_report.csv
AllerVie Health ,TX,Healthcare Provider,80521,2025-12-23,Hacking/IT Incident,Network Server,No,null,2026-05-16T14:51:49.733Z,dbfs:/Volumes/workspace/default/healthcare_cyber_raw/hhs_breach_report.csv
HAP (Health Alliance Plan),MI,Health Plan,1059,2025-12-22,Hacking/IT Incident,Email,No,null,2026-05-16T14:51:49.733Z,dbfs:/Volumes/workspace/default/healthcare_cyber_raw/hhs_breach_report.csv
Reproductive Medicine Associates of Michigan,MI,Healthcare Provider,501,2025-12-19,Hacking/IT Incident,Network Server,No,null,2026-05-16T14:51:49.733Z,dbfs:/Volumes/workspace/default/healthcare_cyber_raw/hhs_breach_report.csv
"Anesthesiology & Pain Consultants, LLC",LA,Healthcare Provider,538,2025-12-19,Unauthorized Access/Disclosure,Other Portable Electronic Device,No,null,2026-05-16T14:51:49.733Z,dbfs:/Volumes/workspace/default/healthcare_cyber_raw/hhs_breach_report.csv
Mitchell County Department of Social Services,NC,Healthcare Provider,501,2025-12-19,Hacking/IT Incident,Network Server,No,null,2026-05-16T14:51:49.733Z,dbfs:/Volumes/workspace/default/healthcare_cyber_raw/hhs_breach_report.csv
"Medical Center, LLP",GA,Healthcare Provider,32090,2025-12-19,Hacking/IT Incident,Network Server,No,null,2026-05-16T14:51:49.733Z,dbfs:/Volumes/workspace/default/healthcare_cyber_raw/hhs_breach_report.csv
North East Medical Services,CA,Healthcare Provider,91513,2025-12-18,Hacking/IT Incident,Network Server,No,null,2026-05-16T14:51:49.733Z,dbfs:/Volumes/workspace/default/healthcare_cyber_raw/hhs_breach_report.csv
"Excellent Home Care Services, LLC",NY,Healthcare Provider,16278,2025-12-17,Hacking/IT Incident,Email,No,null,2026-05-16T14:51:49.733Z,dbfs:/Volumes/workspace/default/healthcare_cyber_raw/hhs_breach_report.csv
FPMCM LLC,TN,Business Associate,2072,2025-12-15,Unauthorized Access/Disclosure,Email,Yes,null,2026-05-16T14:51:49.733Z,dbfs:/Volumes/workspace/default/healthcare_cyber_raw/hhs_breach_report.csv
"OCAT, LLC dba Evoke Wellness at Hilliard",OH,Healthcare Provider,1629,2025-12-12,Unauthorized Access/Disclosure,Electronic Medical Record,No,null,2026-05-16T14:51:49.733Z,dbfs:/Volumes/workspace/default/healthcare_cyber_raw/hhs_breach_report.csv
"Fieldtex Products, Inc.",NY,Business Associate,104071,2025-12-12,Hacking/IT Incident,Network Server,Yes,null,2026-05-16T14:51:49.733Z,dbfs:/Volumes/workspace/default/healthcare_cyber_raw/hhs_breach_report.csv
"Heywood Healthcare Inc. including Henry Heywood Memorial Hospital, Athol Memorial Hospital, and Heywood Medical Group, Inc. (“Heywood”)",MA,Healthcare Provider,500,2025-12-12,Hacking/IT Incident,Network Server,No,null,2026-05-16T14:51:49.733Z,dbfs:/Volumes/workspace/default/healthcare_cyber_raw/hhs_breach_report.csv
Brevard Skin and Cancer Center,FL,Healthcare Provider,54570,2025-12-12,Hacking/IT Incident,Network Server,No,null,2026-05-16T14:51:49.733Z,dbfs:/Volumes/workspace/default/healthcare_cyber_raw/hhs_breach_report.csv
"Baltimore Medical System, Inc.",MA,Healthcare Provider,501,2025-12-12,Hacking/IT Incident,Network Server,No,null,2026-05-16T14:51:49.733Z,dbfs:/Volumes/workspace/default/healthcare_cyber_raw/hhs_breach_report.csv
Centric Health,CA,Healthcare Provider,6855,2025-12-10,Hacking/IT Incident,"Electronic Medical Record, Network Server",Yes,null,2026-05-16T14:51:49.733Z,dbfs:/Volumes/workspace/default/healthcare_cyber_raw/hhs_breach_report.csv
"Southern Oregon Neurosurgical and Spine Associates, PC",OR,Healthcare Provider,1000,2025-12-09,Hacking/IT Incident,Email,No,null,2026-05-16T14:51:49.733Z,dbfs:/Volumes/workspace/default/healthcare_cyber_raw/hhs_breach_report.csv
Ochsner LSU Health – Regional Urology,LA,Healthcare Provider,4519,2025-12-09,Hacking/IT Incident,Network Server,No,null,2026-05-16T14:51:49.733Z,dbfs:/Volumes/workspace/default/healthcare_cyber_raw/hhs_breach_report.csv
TriCity Family Services,IL,Healthcare Provider,2511,2025-12-08,Hacking/IT Incident,Network Server,No,null,2026-05-16T14:51:49.733Z,dbfs:/Volumes/workspace/default/healthcare_cyber_raw/hhs_breach_report.csv
"Vida Y Salud-Health Systems, Inc.",TX,Healthcare Provider,35236,2025-12-08,Hacking/IT Incident,Network Server,No,null,2026-05-16T14:51:49.733Z,dbfs:/Volumes/workspace/default/healthcare_cyber_raw/hhs_breach_report.csv
AgeRight Clinical Services,OR,Healthcare Provider,4859,2025-12-05,Hacking/IT Incident,Network Server,No,null,2026-05-16T14:51:49.733Z,dbfs:/Volumes/workspace/default/healthcare_cyber_raw/hhs_breach_report.csv
NCH Corporation Employee Benefits Plan,TX,Health Plan,3098,2025-12-05,Hacking/IT Incident,Network Server,No,null,2026-05-16T14:51:49.733Z,dbfs:/Volumes/workspace/default/healthcare_cyber_raw/hhs_breach_report.csv
Columbia Medical Practice,MD,Healthcare Provider,94131,2025-12-05,Hacking/IT Incident,Network Server,No,null,2026-05-16T14:51:49.733Z,dbfs:/Volumes/workspace/default/healthcare_cyber_raw/hhs_breach_report.csv
Greater St. Louis Oral & Maxillofacial Surgery PC ,MO,Healthcare Provider,501,2025-12-04,Hacking/IT Incident,Email,No,null,2026-05-16T14:51:49.733Z,dbfs:/Volumes/workspace/default/healthcare_cyber_raw/hhs_breach_report.csv
"Fieldtex Products, Inc.",NY,Business Associate,5901,2025-12-03,Hacking/IT Incident,Network Server,Yes,null,2026-05-16T14:51:49.733Z,dbfs:/Volumes/workspace/default/healthcare_cyber_raw/hhs_breach_report.csv
"Fieldtex Products, Inc.",NY,Business Associate,9206,2025-12-03,Hacking/IT Incident,Network Server,Yes,null,2026-05-16T14:51:49.733Z,dbfs:/Volumes/workspace/default/healthcare_cyber_raw/hhs_breach_report.csv
"Fieldtex Products, Inc.",NY,Business Associate,20641,2025-12-03,Hacking/IT Incident,Network Server,Yes,null,2026-05-16T14:51:49.733Z,dbfs:/Volumes/workspace/default/healthcare_cyber_raw/hhs_breach_report.csv
"MedStar Health, Inc.",MD,Healthcare Provider,64332,2025-12-03,Hacking/IT Incident,Network Server,No,null,2026-05-16T14:51:49.733Z,dbfs:/Volumes/workspace/default/healthcare_cyber_raw/hhs_breach_report.csv
ConvenientMD LLC,NH,Healthcare Provider,1332,2025-12-02,Unauthorized Access/Disclosure,Email,No,null,2026-05-16T14:51:49.733Z,dbfs:/Volumes/workspace/default/healthcare_cyber_raw/hhs_breach_report.csv
"West Texas Health, PLLC",TX,Business Associate,73720,2025-12-02,Hacking/IT Incident,Network Server,Yes,null,2026-05-16T14:51:49.733Z,dbfs:/Volumes/workspace/default/healthcare_cyber_raw/hhs_breach_report.csv
Madison Healthcare Services,MN,Healthcare Provider,500,2025-12-02,Hacking/IT Incident,Network Server,No,null,2026-05-16T14:51:49.733Z,dbfs:/Volumes/workspace/default/healthcare_cyber_raw/hhs_breach_report.csv
FedEx Corporation Group Health Plan,TN,Health Plan,1066,2025-12-01,Hacking/IT Incident,Network Server,Yes,null,2026-05-16T14:51:49.733Z,dbfs:/Volumes/workspace/default/healthcare_cyber_raw/hhs_breach_report.csv
Sports Medicine & Orthopaedics,RI,Healthcare Provider,4000,2025-11-30,Hacking/IT Incident,Network Server,No,null,2026-05-16T14:51:49.733Z,dbfs:/Volumes/workspace/default/healthcare_cyber_raw/hhs_breach_report.csv
Cerenade,CA,Business Associate,987,2025-11-30,Hacking/IT Incident,Network Server,Yes,null,2026-05-16T14:51:49.733Z,dbfs:/Volumes/workspace/default/healthcare_cyber_raw/hhs_breach_report.csv
Richmond Behavioral Health Authority,VA,Healthcare Provider,113232,2025-11-28,Hacking/IT Incident,Network Server,No,null,2026-05-16T14:51:49.733Z,dbfs:/Volumes/workspace/default/healthcare_cyber_raw/hhs_breach_report.csv
Spindletop Center,TX,Healthcare Provider,88863,2025-11-28,Hacking/IT Incident,Network Server,No,null,2026-05-16T14:51:49.733Z,dbfs:/Volumes/workspace/default/healthcare_cyber_raw/hhs_breach_report.csv
Henry Ford Health,MI,Healthcare Provider,1984,2025-11-26,Unauthorized Access/Disclosure,Desktop Computer,No,null,2026-05-16T14:51:49.733Z,dbfs:/Volumes/workspace/default/healthcare_cyber_raw/hhs_breach_report.csv
Persante Health Care ,NJ,Business Associate,111815,2025-11-26,Hacking/IT Incident,Network Server,Yes,null,2026-05-16T14:51:49.733Z,dbfs:/Volumes/workspace/default/healthcare_cyber_raw/hhs_breach_report.csv
"Keystone Alliance, Inc.",IL,Business Associate,1021,2025-11-26,Hacking/IT Incident,Email,Yes,null,2026-05-16T14:51:49.733Z,dbfs:/Volumes/workspace/default/healthcare_cyber_raw/hhs_breach_report.csv
Center for Urologic Care of Berks CO,PA,Healthcare Provider,543,2025-11-26,Hacking/IT Incident,Network Server,No,null,2026-05-16T14:51:49.733Z,dbfs:/Volumes/workspace/default/healthcare_cyber_raw/hhs_breach_report.csv
Tanner Medical Center,GA,Healthcare Provider,1000,2025-11-25,Unauthorized Access/Disclosure,Electronic Medical Record,No,null,2026-05-16T14:51:49.733Z,dbfs:/Volumes/workspace/default/healthcare_cyber_raw/hhs_breach_report.csv
"Greater Meridian Health Clinic, Inc. ",MS,Healthcare Provider,4651,2025-11-24,Hacking/IT Incident,Network Server,No,null,2026-05-16T14:51:49.733Z,dbfs:/Volumes/workspace/default/healthcare_cyber_raw/hhs_breach_report.csv
"Davies, McFarland & Carroll LLC",PA,Business Associate,54712,2025-11-24,Hacking/IT Incident,Network Server,Yes,null,2026-05-16T14:51:49.733Z,dbfs:/Volumes/workspace/default/healthcare_cyber_raw/hhs_breach_report.csv
"VITAS Hospice Services, LLC",FL,Healthcare Provider,319177,2025-11-24,Hacking/IT Incident,Network Server,No,null,2026-05-16T14:51:49.733Z,dbfs:/Volumes/workspace/default/healthcare_cyber_raw/hhs_breach_report.csv
Millcreek Pediatrics,DE,Healthcare Provider,14095,2025-11-21,Hacking/IT Incident,Network Server,No,null,2026-05-16T14:51:49.733Z,dbfs:/Volumes/workspace/default/healthcare_cyber_raw/hhs_breach_report.csv
"NS Support, LLC",ID,Healthcare Provider,92845,2025-11-21,Hacking/IT Incident,Network Server,No,null,2026-05-16T14:51:49.733Z,dbfs:/Volumes/workspace/default/healthcare_cyber_raw/hhs_breach_report.csv
Delta Dental of Virginia,VA,Health Plan,126953,2025-11-21,Hacking/IT Incident,Email,No,null,2026-05-16T14:51:49.733Z,dbfs:/Volumes/workspace/default/healthcare_cyber_raw/hhs_breach_report.csv
Nura PLLC,MN,Healthcare Provider,5207,2025-11-21,Hacking/IT Incident,Email,No,null,2026-05-16T14:51:49.733Z,dbfs:/Volumes/workspace/default/healthcare_cyber_raw/hhs_breach_report.csv
"Fieldtex Products, Inc.",NY,Business Associate,238615,2025-11-20,Hacking/IT Incident,Network Server,Yes,null,2026-05-16T14:51:49.733Z,dbfs:/Volumes/workspace/default/healthcare_cyber_raw/hhs_breach_report.csv
Dr. Michael Kaplan DO PC DBA Long Island Weight Loss Institute,NY,Healthcare Provider,3426,2025-11-20,Hacking/IT Incident,Network Server,No,null,2026-05-16T14:51:49.733Z,dbfs:/Volumes/workspace/default/healthcare_cyber_raw/hhs_breach_report.csv
Wyandot Behavioral Health Network,KS,Healthcare Provider,27174,2025-11-20,Hacking/IT Incident,Network Server,No,null,2026-05-16T14:51:49.733Z,dbfs:/Volumes/workspace/default/healthcare_cyber_raw/hhs_breach_report.csv
Personic Management Company LLC,VA,Business Associate,10929,2025-11-19,Hacking/IT Incident,Network Server,Yes,null,2026-05-16T14:51:49.733Z,dbfs:/Volumes/workspace/default/healthcare_cyber_raw/hhs_breach_report.csv
County of Catawba,NC,Health Plan,500,2025-11-19,Hacking/IT Incident,Network Server,No,null,2026-05-16T14:51:49.733Z,dbfs:/Volumes/workspace/default/healthcare_cyber_raw/hhs_breach_report.csv
NAHGA Claim Services,ME,Health Plan,21834,2025-11-19,Hacking/IT Incident,Network Server,No,null,2026-05-16T14:51:49.733Z,dbfs:/Volumes/workspace/default/healthcare_cyber_raw/hhs_breach_report.csv
Anchorage Neighborhood Health Center ,AK,Healthcare Provider,70555,2025-11-19,Hacking/IT Incident,Network Server,No,null,2026-05-16T14:51:49.733Z,dbfs:/Volumes/workspace/default/healthcare_cyber_raw/hhs_breach_report.csv
Dermatology Associates of Concord,MA,Healthcare Provider,501,2025-11-18,Hacking/IT Incident,Network Server,No,null,2026-05-16T14:51:49.733Z,dbfs:/Volumes/workspace/default/healthcare_cyber_raw/hhs_breach_report.csv
"Marrs Ear, Nose & Throat, PA",FL,Healthcare Provider,6376,2025-11-18,Unauthorized Access/Disclosure,Email,No,null,2026-05-16T14:51:49.733Z,dbfs:/Volumes/workspace/default/healthcare_cyber_raw/hhs_breach_report.csv
"Cary Pediatric Center, PA",NC,Healthcare Provider,25784,2025-11-17,Hacking/IT Incident,Network Server,No,null,2026-05-16T14:51:49.733Z,dbfs:/Volumes/workspace/default/healthcare_cyber_raw/hhs_breach_report.csv
St. John’s Riverside Hospital,NY,Healthcare Provider,2238,2025-11-14,Hacking/IT Incident,Email,No,null,2026-05-16T14:51:49.733Z,dbfs:/Volumes/workspace/default/healthcare_cyber_raw/hhs_breach_report.csv
Morton Drug Company,WI,Healthcare Provider,40051,2025-11-10,Hacking/IT Incident,Network Server,No,null,2026-05-16T14:51:49.733Z,dbfs:/Volumes/workspace/default/healthcare_cyber_raw/hhs_breach_report.csv
Steven J. Pearlman MD PC ,NY,Healthcare Provider,10182,2025-11-09,Hacking/IT Incident,Network Server,No,null,2026-05-16T14:51:49.733Z,dbfs:/Volumes/workspace/default/healthcare_cyber_raw/hhs_breach_report.csv
"Healthcare Therapy Services, Inc.",IN,Healthcare Provider,15027,2025-11-08,Hacking/IT Incident,Email,No,null,2026-05-16T14:51:49.733Z,dbfs:/Volumes/workspace/default/healthcare_cyber_raw/hhs_breach_report.csv
Marshfield Clinic Health System ,WI,Healthcare Provider,35952,2025-11-07,Hacking/IT Incident,Email,No,null,2026-05-16T14:51:49.733Z,dbfs:/Volumes/workspace/default/healthcare_cyber_raw/hhs_breach_report.csv
"Loving and Living Center, PC dba Awakenings Center",NC,Healthcare Provider,17800,2025-11-07,Hacking/IT Incident,Electronic Medical Record,No,null,2026-05-16T14:51:49.733Z,dbfs:/Volumes/workspace/default/healthcare_cyber_raw/hhs_breach_report.csv
The Chase Group Employee Benefit Plan,NM,Health Plan,817,2025-11-06,Hacking/IT Incident,Network Server,No,null,2026-05-16T14:51:49.733Z,dbfs:/Volumes/workspace/default/healthcare_cyber_raw/hhs_breach_report.csv
Archer Health,CA,Healthcare Provider,4285,2025-11-06,Hacking/IT Incident,Network Server,No,null,2026-05-16T14:51:49.733Z,dbfs:/Volumes/workspace/default/healthcare_cyber_raw/hhs_breach_report.csv
Tampa Bay Treatment Associates,FL,Healthcare Provider,3682,2025-11-05,Theft,Electronic Medical Record,No,null,2026-05-16T14:51:49.733Z,dbfs:/Volumes/workspace/default/healthcare_cyber_raw/hhs_breach_report.csv
Denton MHMR Center,TX,Healthcare Provider,108967,2025-11-05,Hacking/IT Incident,Network Server,No,null,2026-05-16T14:51:49.733Z,dbfs:/Volumes/workspace/default/healthcare_cyber_raw/hhs_breach_report.csv
Tri Century Eye Care PC,PA,Healthcare Provider,200000,2025-10-31,Hacking/IT Incident,Network Server,No,null,2026-05-16T14:51:49.733Z,dbfs:/Volumes/workspace/default/healthcare_cyber_raw/hhs_breach_report.csv
Expert MRI,CA,Healthcare Provider,209560,2025-10-31,Hacking/IT Incident,Network Server,No,null,2026-05-16T14:51:49.733Z,dbfs:/Volumes/workspace/default/healthcare_cyber_raw/hhs_breach_report.csv
Judson Center,MI,Healthcare Provider,976,2025-10-31,Hacking/IT Incident,Network Server,No,null,2026-05-16T14:51:49.733Z,dbfs:/Volumes/workspace/default/healthcare_cyber_raw/hhs_breach_report.csv
Beverly Hills Oncology Medical Group,CA,Healthcare Provider,57655,2025-10-31,Hacking/IT Incident,Network Server,No,null,2026-05-16T14:51:49.733Z,dbfs:/Volumes/workspace/default/healthcare_cyber_raw/hhs_breach_report.csv
Hale Makua Health Services,HI,Healthcare Provider,500,2025-10-29,Hacking/IT Incident,Network Server,No,null,2026-05-16T14:51:49.733Z,dbfs:/Volumes/workspace/default/healthcare_cyber_raw/hhs_breach_report.csv
"Better Vision Eyecare, LLC",AZ,Healthcare Provider,501,2025-10-28,Unauthorized Access/Disclosure,Email,No,null,2026-05-16T14:51:49.733Z,dbfs:/Volumes/workspace/default/healthcare_cyber_raw/hhs_breach_report.csv
"Northwest Radiologists, Inc./Mount Baker Imaging",WA,Healthcare Provider,362713,2025-10-28,Hacking/IT Incident,Network Server,No,null,2026-05-16T14:51:49.733Z,dbfs:/Volumes/workspace/default/healthcare_cyber_raw/hhs_breach_report.csv
Health Management Systems of America,MI,Healthcare Provider,4213,2025-10-27,Hacking/IT Incident,Email,No,null,2026-05-16T14:51:49.733Z,dbfs:/Volumes/workspace/default/healthcare_cyber_raw/hhs_breach_report.csv
"REACH, Inc",AK,Healthcare Provider,1195,2025-10-27,Hacking/IT Incident,Email,No,null,2026-05-16T14:51:49.733Z,dbfs:/Volumes/workspace/default/healthcare_cyber_raw/hhs_breach_report.csv
"VirMedice, LLC",AZ,Business Associate,1000,2025-10-25,Hacking/IT Incident,Network Server,Yes,null,2026-05-16T14:51:49.733Z,dbfs:/Volumes/workspace/default/healthcare_cyber_raw/hhs_breach_report.csv
Physicians to Children & Adolescents,KY,Healthcare Provider,9536,2025-10-24,Hacking/IT Incident,Network Server,No,null,2026-05-16T14:51:49.733Z,dbfs:/Volumes/workspace/default/healthcare_cyber_raw/hhs_breach_report.csv
Southwest Urology,OH,Healthcare Provider,1310,2025-10-24,Hacking/IT Incident,Network Server,Yes,null,2026-05-16T14:51:49.733Z,dbfs:/Volumes/workspace/default/healthcare_cyber_raw/hhs_breach_report.csv
Fairbanks Urology,AK,Healthcare Provider,1446,2025-10-24,Hacking/IT Incident,Network Server,Yes,null,2026-05-16T14:51:49.733Z,dbfs:/Volumes/workspace/default/healthcare_cyber_raw/hhs_breach_report.csv
"Michael R. Schwartz, MD Inc.",CA,Healthcare Provider,9080,2025-10-23,Hacking/IT Incident,Desktop Computer,No,null,2026-05-16T14:51:49.733Z,dbfs:/Volumes/workspace/default/healthcare_cyber_raw/hhs_breach_report.csv
"Legacy Health, LLC",TX,Business Associate,6547,2025-10-23,Unauthorized Access/Disclosure,Electronic Medical Record,Yes,null,2026-05-16T14:51:49.733Z,dbfs:/Volumes/workspace/default/healthcare_cyber_raw/hhs_breach_report.csv
"Express Canna Cards, LLC",FL,Healthcare Provider,5000,2025-10-20,Unauthorized Access/Disclosure,Electronic Medical Record,No,null,2026-05-16T14:51:49.733Z,dbfs:/Volumes/workspace/default/healthcare_cyber_raw/hhs_breach_report.csv
Heartland Health Center ,NE,Healthcare Provider,43728,2025-10-17,Hacking/IT Incident,Network Server,No,null,2026-05-16T14:51:49.733Z,dbfs:/Volumes/workspace/default/healthcare_cyber_raw/hhs_breach_report.csv
North Atlantic States Carpenters Health Benefits Fund,MA,Health Plan,501,2025-10-17,Hacking/IT Incident,Network Server,No,null,2026-05-16T14:51:49.733Z,dbfs:/Volumes/workspace/default/healthcare_cyber_raw/hhs_breach_report.csv
"Modernizing Medicine, Inc.",FL,Business Associate,198795,2025-10-17,Hacking/IT Incident,Network Server,Yes,null,2026-05-16T14:51:49.733Z,dbfs:/Volumes/workspace/default/healthcare_cyber_raw/hhs_breach_report.csv
"River City Eye Care, LLC",OR,Healthcare Provider,6588,2025-10-16,Hacking/IT Incident,Network Server,No,null,2026-05-16T14:51:49.733Z,dbfs:/Volumes/workspace/default/healthcare_cyber_raw/hhs_breach_report.csv
"Coalesce, LLC dba Benefitelect",AZ,Business Associate,501,2025-10-15,Hacking/IT Incident,Network Server,Yes,null,2026-05-16T14:51:49.733Z,dbfs:/Volumes/workspace/default/healthcare_cyber_raw/hhs_breach_report.csv
"Visiting Nurse Association of Texas, LLC",TX,Healthcare Provider,28515,2025-10-10,Hacking/IT Incident,Email,No,null,2026-05-16T14:51:49.733Z,dbfs:/Volumes/workspace/default/healthcare_cyber_raw/hhs_breach_report.csv
Bay Medical LLC,MD,Healthcare Provider,1483,2025-10-09,Hacking/IT Incident,Email,No,null,2026-05-16T14:51:49.733Z,dbfs:/Volumes/workspace/default/healthcare_cyber_raw/hhs_breach_report.csv
Conduent Business Services LLC,NJ,Business Associate,42616,2025-10-08,Hacking/IT Incident,Network Server,Yes,null,2026-05-16T14:51:49.733Z,dbfs:/Volumes/workspace/default/healthcare_cyber_raw/hhs_breach_report.csv
"Wellpoint, Inc.",IN,Business Associate,579,2025-10-07,Hacking/IT Incident,Network Server,Yes,null,2026-05-16T14:51:49.733Z,dbfs:/Volumes/workspace/default/healthcare_cyber_raw/hhs_breach_report.csv
Sierra Vista Hospital & Clinics,NM,Healthcare Provider,75054,2025-10-06,Hacking/IT Incident,Network Server,No,null,2026-05-16T14:51:49.733Z,dbfs:/Volumes/workspace/default/healthcare_cyber_raw/hhs_breach_report.csv
"OB-GYN Associates, Ltd. dba OBGYN Associates ",NV,Healthcare Provider,62238,2025-10-06,Hacking/IT Incident,Network Server,No,null,2026-05-16T14:51:49.733Z,dbfs:/Volumes/workspace/default/healthcare_cyber_raw/hhs_breach_report.csv
Cardiovascular Medicine Associates (doing business as MyCardiologist) ,FL,Healthcare Provider,2248,2025-10-06,Hacking/IT Incident,Email,No,null,2026-05-16T14:51:49.733Z,dbfs:/Volumes/workspace/default/healthcare_cyber_raw/hhs_breach_report.csv
Space Coast Vascular,FL,Healthcare Provider,18819,2025-10-06,Hacking/IT Incident,Network Server,No,null,2026-05-16T14:51:49.733Z,dbfs:/Volumes/workspace/default/healthcare_cyber_raw/hhs_breach_report.csv
Southwest C.A.R.E. Center,NM,Healthcare Provider,21866,2025-10-03,Hacking/IT Incident,Network Server,No,null,2026-05-16T14:51:49.733Z,dbfs:/Volumes/workspace/default/healthcare_cyber_raw/hhs_breach_report.csv
Brightstar Global Solutions Corporation,RI,Health Plan,103879,2025-10-03,Hacking/IT Incident,Network Server,No,null,2026-05-16T14:51:49.733Z,dbfs:/Volumes/workspace/default/healthcare_cyber_raw/hhs_breach_report.csv
"CareSTL Health, Inc.",MO,Healthcare Provider,501,2025-10-03,Hacking/IT Incident,Network Server,No,null,2026-05-16T14:51:49.733Z,dbfs:/Volumes/workspace/default/healthcare_cyber_raw/hhs_breach_report.csv
Arizona Health Care Cost Containment System- State Medicaid Agency,AZ,Health Plan,3177,2025-10-03,Unauthorized Access/Disclosure,Electronic Medical Record,No,null,2026-05-16T14:51:49.733Z,dbfs:/Volumes/workspace/default/healthcare_cyber_raw/hhs_breach_report.csv
"Florida Health Sciences Center, Inc",FL,Healthcare Provider,896,2025-10-03,Unauthorized Access/Disclosure,Paper/Films,No,null,2026-05-16T14:51:49.733Z,dbfs:/Volumes/workspace/default/healthcare_cyber_raw/hhs_breach_report.csv
Harris County Hospital District d/b/a Harris Health ,TX,Healthcare Provider,5357,2025-10-03,Unauthorized Access/Disclosure,Electronic Medical Record,No,null,2026-05-16T14:51:49.733Z,dbfs:/Volumes/workspace/default/healthcare_cyber_raw/hhs_breach_report.csv
"Weekend Health, LLC",NY,Business Associate,1643,2025-09-30,Unauthorized Access/Disclosure,Network Server,Yes,null,2026-05-16T14:51:49.733Z,dbfs:/Volumes/workspace/default/healthcare_cyber_raw/hhs_breach_report.csv
Harbor,OH,Healthcare Provider,216000,2025-09-30,Hacking/IT Incident,Network Server,No,null,2026-05-16T14:51:49.733Z,dbfs:/Volumes/workspace/default/healthcare_cyber_raw/hhs_breach_report.csv
Intercommunity Action Inc. ,PA,Healthcare Provider,2680,2025-09-26,Hacking/IT Incident,Network Server,No,null,2026-05-16T14:51:49.733Z,dbfs:/Volumes/workspace/default/healthcare_cyber_raw/hhs_breach_report.csv
Valley Radiology ,CA,Healthcare Provider,1166,2025-09-25,Hacking/IT Incident,Network Server,No,null,2026-05-16T14:51:49.733Z,dbfs:/Volumes/workspace/default/healthcare_cyber_raw/hhs_breach_report.csv
Rockhill Women’s Care,MO,Healthcare Provider,70129,2025-09-25,Hacking/IT Incident,Network Server,No,null,2026-05-16T14:51:49.733Z,dbfs:/Volumes/workspace/default/healthcare_cyber_raw/hhs_breach_report.csv
Susan B. Allen Memorial Hospital,KS,Healthcare Provider,11866,2025-09-25,Hacking/IT Incident,"Desktop Computer, Network Server",No,null,2026-05-16T14:51:49.733Z,dbfs:/Volumes/workspace/default/healthcare_cyber_raw/hhs_breach_report.csv
Doctors Imaging Group,FL,Healthcare Provider,171862,2025-09-24,Hacking/IT Incident,Network Server,No,null,2026-05-16T14:51:49.733Z,dbfs:/Volumes/workspace/default/healthcare_cyber_raw/hhs_breach_report.csv
Philadelphia Corporation for Aging (PCA),PA,Business Associate,410491,2025-09-23,Hacking/IT Incident,Network Server,Yes,null,2026-05-16T14:51:49.733Z,dbfs:/Volumes/workspace/default/healthcare_cyber_raw/hhs_breach_report.csv
Healthcare Interactive,MD,Business Associate,501,2025-09-22,Hacking/IT Incident,Network Server,Yes,null,2026-05-16T14:51:49.733Z,dbfs:/Volumes/workspace/default/healthcare_cyber_raw/hhs_breach_report.csv
Veradigm LLC   ,IL,Business Associate,2672036,2025-09-22,Hacking/IT Incident,Network Server,Yes,null,2026-05-16T14:51:49.733Z,dbfs:/Volumes/workspace/default/healthcare_cyber_raw/hhs_breach_report.csv
"City of St. Joseph, MO Health Department ",MO,Healthcare Provider,11538,2025-09-22,Hacking/IT Incident,Network Server,No,null,2026-05-16T14:51:49.733Z,dbfs:/Volumes/workspace/default/healthcare_cyber_raw/hhs_breach_report.csv
People Encouraging People,MD,Healthcare Provider,13083,2025-09-19,Hacking/IT Incident,Network Server,No,null,2026-05-16T14:51:49.733Z,dbfs:/Volumes/workspace/default/healthcare_cyber_raw/hhs_breach_report.csv
"Health & Palliative Services of the Treasure Coast, Inc d/b/a Treasure Coast Hospice  (“Treasure Health ”)",FL,Healthcare Provider,13230,2025-09-19,Unauthorized Access/Disclosure,Email,No,null,2026-05-16T14:51:49.733Z,dbfs:/Volumes/workspace/default/healthcare_cyber_raw/hhs_breach_report.csv
"Ennoble Care & Circa Health, LLC",NJ,Healthcare Provider,36332,2025-09-18,Hacking/IT Incident,Email,No,null,2026-05-16T14:51:49.733Z,dbfs:/Volumes/workspace/default/healthcare_cyber_raw/hhs_breach_report.csv
Sun Valley Surgery Center,NV,Healthcare Provider,27001,2025-09-18,Hacking/IT Incident,Network Server,No,null,2026-05-16T14:51:49.733Z,dbfs:/Volumes/workspace/default/healthcare_cyber_raw/hhs_breach_report.csv
Trusteed Plan Services Corporation,WA,Business Associate,7977,2025-09-17,Hacking/IT Incident,Network Server,Yes,null,2026-05-16T14:51:49.733Z,dbfs:/Volumes/workspace/default/healthcare_cyber_raw/hhs_breach_report.csv
Navesink Rehab,NJ,Healthcare Provider,1428,2025-09-17,Hacking/IT Incident,Network Server,No,null,2026-05-16T14:51:49.733Z,dbfs:/Volumes/workspace/default/healthcare_cyber_raw/hhs_breach_report.csv
"Survival Flight, Inc.",AZ,Healthcare Provider,97217,2025-09-15,Hacking/IT Incident,Network Server,No,null,2026-05-16T14:51:49.733Z,dbfs:/Volumes/workspace/default/healthcare_cyber_raw/hhs_breach_report.csv
Saint Anthony Hospital ,IL,Healthcare Provider,6679,2025-09-12,Hacking/IT Incident,Email,No,null,2026-05-16T14:51:49.733Z,dbfs:/Volumes/workspace/default/healthcare_cyber_raw/hhs_breach_report.csv
North Penn Comprehensive Health Services d.b.a Laurel Health Centers,PA,Healthcare Provider,991,2025-09-12,Hacking/IT Incident,Email,No,null,2026-05-16T14:51:49.733Z,dbfs:/Volumes/workspace/default/healthcare_cyber_raw/hhs_breach_report.csv
"Franklin Dermatology Group, PLC",TN,Healthcare Provider,2457,2025-09-11,Hacking/IT Incident,Network Server,Yes,null,2026-05-16T14:51:49.733Z,dbfs:/Volumes/workspace/default/healthcare_cyber_raw/hhs_breach_report.csv
"PGA Development, Inc.",PA,Healthcare Provider,23899,2025-09-10,Hacking/IT Incident,Network Server,No,null,2026-05-16T14:51:49.733Z,dbfs:/Volumes/workspace/default/healthcare_cyber_raw/hhs_breach_report.csv
Texas Center for Infectious Disease Associates,TX,Healthcare Provider,1236,2025-09-10,Hacking/IT Incident,Email,No,null,2026-05-16T14:51:49.733Z,dbfs:/Volumes/workspace/default/healthcare_cyber_raw/hhs_breach_report.csv
Coos County Family Health Services,NH,Healthcare Provider,501,2025-09-05,Hacking/IT Incident,Network Server,No,null,2026-05-16T14:51:49.733Z,dbfs:/Volumes/workspace/default/healthcare_cyber_raw/hhs_breach_report.csv
Somerset County Children and Youth Services,PA,Healthcare Provider,2251,2025-09-05,Hacking/IT Incident,Email,No,null,2026-05-16T14:51:49.733Z,dbfs:/Volumes/workspace/default/healthcare_cyber_raw/hhs_breach_report.csv
"Medical Associates of Brevard, LLC",FL,Healthcare Provider,246711,2025-09-05,Hacking/IT Incident,Network Server,No,null,2026-05-16T14:51:49.733Z,dbfs:/Volumes/workspace/default/healthcare_cyber_raw/hhs_breach_report.csv
Twin Cities Pain Clinic,MN,Healthcare Provider,3572,2025-09-04,Hacking/IT Incident,Email,No,null,2026-05-16T14:51:49.733Z,dbfs:/Volumes/workspace/default/healthcare_cyber_raw/hhs_breach_report.csv
Retina Group of Florida,FL,Healthcare Provider,152691,2025-09-03,Hacking/IT Incident,Network Server,No,null,2026-05-16T14:51:49.733Z,dbfs:/Volumes/workspace/default/healthcare_cyber_raw/hhs_breach_report.csv
Teamsters Union 25 Health Services & Insurance Plan,MA,Health Plan,19231,2025-09-03,Hacking/IT Incident,Network Server,No,null,2026-05-16T14:51:49.733Z,dbfs:/Volumes/workspace/default/healthcare_cyber_raw/hhs_breach_report.csv
"La Perouse, LLC",NV,Business Associate,501,2025-09-02,Hacking/IT Incident,Network Server,Yes,null,2026-05-16T14:51:49.733Z,dbfs:/Volumes/workspace/default/healthcare_cyber_raw/hhs_breach_report.csv
North Oaks Health System,LA,Healthcare Provider,6243,2025-09-02,Hacking/IT Incident,Email,No,null,2026-05-16T14:51:49.733Z,dbfs:/Volumes/workspace/default/healthcare_cyber_raw/hhs_breach_report.csv
University of Iowa Community Home Care,IA,Healthcare Provider,109029,2025-08-29,Hacking/IT Incident,Network Server,No,null,2026-05-16T14:51:49.733Z,dbfs:/Volumes/workspace/default/healthcare_cyber_raw/hhs_breach_report.csv
University of Iowa Health Care,IA,Healthcare Provider,101875,2025-08-29,Hacking/IT Incident,Network Server,No,null,2026-05-16T14:51:49.733Z,dbfs:/Volumes/workspace/default/healthcare_cyber_raw/hhs_breach_report.csv
"Carrollton Ear, Nose and Throat, PC",GA,Healthcare Provider,3569,2025-08-29,Hacking/IT Incident,Network Server,No,null,2026-05-16T14:51:49.733Z,dbfs:/Volumes/workspace/default/healthcare_cyber_raw/hhs_breach_report.csv
Reimagine Network,CA,Healthcare Provider,4799,2025-08-29,Hacking/IT Incident,Network Server,No,null,2026-05-16T14:51:49.733Z,dbfs:/Volumes/workspace/default/healthcare_cyber_raw/hhs_breach_report.csv
Anthony L. Jordan Health Corporation ,NY,Healthcare Provider,2974,2025-08-29,Hacking/IT Incident,Email,No,null,2026-05-16T14:51:49.733Z,dbfs:/Volumes/workspace/default/healthcare_cyber_raw/hhs_breach_report.csv
Greater Pittsburgh Orthopaedics Associates,PA,Healthcare Provider,35000,2025-08-27,Hacking/IT Incident,Desktop Computer,No,null,2026-05-16T14:51:49.733Z,dbfs:/Volumes/workspace/default/healthcare_cyber_raw/hhs_breach_report.csv
College Hometown Pharmacy,NY,Healthcare Provider,9742,2025-08-25,Hacking/IT Incident,Network Server,No,null,2026-05-16T14:51:49.733Z,dbfs:/Volumes/workspace/default/healthcare_cyber_raw/hhs_breach_report.csv
College Parkside Pharmacy,NY,Healthcare Provider,5736,2025-08-25,Hacking/IT Incident,Network Server,No,null,2026-05-16T14:51:49.733Z,dbfs:/Volumes/workspace/default/healthcare_cyber_raw/hhs_breach_report.csv
"Assisted Living Pharmacy Service, LLC",WI,Healthcare Provider,5590,2025-08-25,Hacking/IT Incident,Network Server,No,null,2026-05-16T14:51:49.733Z,dbfs:/Volumes/workspace/default/healthcare_cyber_raw/hhs_breach_report.csv
Prime Therapeutics LLC,MN,Business Associate,2266,2025-08-25,Unauthorized Access/Disclosure,Laptop,Yes,null,2026-05-16T14:51:49.733Z,dbfs:/Volumes/workspace/default/healthcare_cyber_raw/hhs_breach_report.csv
"Pacific Imaging Management, LLC",CA,Healthcare Provider,13158,2025-08-25,Hacking/IT Incident,Email,No,null,2026-05-16T14:51:49.733Z,dbfs:/Volumes/workspace/default/healthcare_cyber_raw/hhs_breach_report.csv
zizzl llc,WI,Business Associate,2416,2025-08-22,Hacking/IT Incident,Email,Yes,null,2026-05-16T14:51:49.733Z,dbfs:/Volumes/workspace/default/healthcare_cyber_raw/hhs_breach_report.csv
Beech Acres Parenting Center ,OH,Healthcare Provider,19315,2025-08-22,Hacking/IT Incident,Network Server,No,null,2026-05-16T14:51:49.733Z,dbfs:/Volumes/workspace/default/healthcare_cyber_raw/hhs_breach_report.csv
Vance County Department of Social Services,NC,Business Associate,501,2025-08-22,Hacking/IT Incident,Network Server,Yes,null,2026-05-16T14:51:49.733Z,dbfs:/Volumes/workspace/default/healthcare_cyber_raw/hhs_breach_report.csv
"Independent Health Association, Inc.",NY,Health Plan,637,2025-08-22,Unauthorized Access/Disclosure,Other,No,null,2026-05-16T14:51:49.733Z,dbfs:/Volumes/workspace/default/healthcare_cyber_raw/hhs_breach_report.csv
McEwen & Associates,TX,Business Associate,500,2025-08-21,Hacking/IT Incident,Network Server,Yes,null,2026-05-16T14:51:49.733Z,dbfs:/Volumes/workspace/default/healthcare_cyber_raw/hhs_breach_report.csv
McEwen & Associates,TX,Business Associate,500,2025-08-21,Hacking/IT Incident,Network Server,Yes,null,2026-05-16T14:51:49.733Z,dbfs:/Volumes/workspace/default/healthcare_cyber_raw/hhs_breach_report.csv
McEwen & Associates,TX,Business Associate,500,2025-08-21,Hacking/IT Incident,Network Server,Yes,null,2026-05-16T14:51:49.733Z,dbfs:/Volumes/workspace/default/healthcare_cyber_raw/hhs_breach_report.csv
"Vital Imaging Medical Diagnostic Centers, LLC",FL,Healthcare Provider,260000,2025-08-21,Hacking/IT Incident,Network Server,No,null,2026-05-16T14:51:49.733Z,dbfs:/Volumes/workspace/default/healthcare_cyber_raw/hhs_breach_report.csv
Arkansas Primary Care Clinic,AR,Healthcare Provider,2491,2025-08-20,Hacking/IT Incident,Network Server,No,null,2026-05-16T14:51:49.733Z,dbfs:/Volumes/workspace/default/healthcare_cyber_raw/hhs_breach_report.csv
Revere Health PC,UT,Healthcare Provider,605,2025-08-19,Hacking/IT Incident,Desktop Computer,No,null,2026-05-16T14:51:49.733Z,dbfs:/Volumes/workspace/default/healthcare_cyber_raw/hhs_breach_report.csv
"CareTracker, Inc.",NY,Business Associate,501,2025-08-18,Hacking/IT Incident,Network Server,Yes,null,2026-05-16T14:51:49.733Z,dbfs:/Volumes/workspace/default/healthcare_cyber_raw/hhs_breach_report.csv
Bevel Health Medical Group,PA,Healthcare Provider,510,2025-08-18,Unauthorized Access/Disclosure,Electronic Medical Record,No,null,2026-05-16T14:51:49.733Z,dbfs:/Volumes/workspace/default/healthcare_cyber_raw/hhs_breach_report.csv
"Pediatric Otolaryngology Head & Neck Surgery Associates, P.A.",FL,Healthcare Provider,43446,2025-08-18,Hacking/IT Incident,Network Server,No,null,2026-05-16T14:51:49.733Z,dbfs:/Volumes/workspace/default/healthcare_cyber_raw/hhs_breach_report.csv
CPAP Medical Supplies and Services Inc. ,FL,Healthcare Provider,90133,2025-08-15,Hacking/IT Incident,Network Server,No,null,2026-05-16T14:51:49.733Z,dbfs:/Volumes/workspace/default/healthcare_cyber_raw/hhs_breach_report.csv
"Lake City Cancer Care, LLC",FL,Healthcare Provider,9980,2025-08-15,Hacking/IT Incident,Network Server,Yes,null,2026-05-16T14:51:49.733Z,dbfs:/Volumes/workspace/default/healthcare_cyber_raw/hhs_breach_report.csv
Alert Medical Alarms,PA,Healthcare Provider,39218,2025-08-15,Hacking/IT Incident,Network Server,No,null,2026-05-16T14:51:49.733Z,dbfs:/Volumes/workspace/default/healthcare_cyber_raw/hhs_breach_report.csv
Mower County Health and Human Services,MN,Healthcare Provider,501,2025-08-15,Hacking/IT Incident,Network Server,No,null,2026-05-16T14:51:49.733Z,dbfs:/Volumes/workspace/default/healthcare_cyber_raw/hhs_breach_report.csv
Welcome Dentistry-Anaheim,CA,Healthcare Provider,1001,2025-08-15,Hacking/IT Incident,Network Server,No,null,2026-05-16T14:51:49.733Z,dbfs:/Volumes/workspace/default/healthcare_cyber_raw/hhs_breach_report.csv
Welcome Dentistry-Los Angeles,CA,Healthcare Provider,1001,2025-08-13,Hacking/IT Incident,Network Server,No,null,2026-05-16T14:51:49.733Z,dbfs:/Volumes/workspace/default/healthcare_cyber_raw/hhs_breach_report.csv
UnitedHealthcare,CT,Health Plan,3215,2025-08-12,Unauthorized Access/Disclosure,Paper/Films,No,null,2026-05-16T14:51:49.733Z,dbfs:/Volumes/workspace/default/healthcare_cyber_raw/hhs_breach_report.csv
"Laurel Cancer Care, LLC",MS,Healthcare Provider,1541,2025-08-12,Hacking/IT Incident,Email,Yes,null,2026-05-16T14:51:49.733Z,dbfs:/Volumes/workspace/default/healthcare_cyber_raw/hhs_breach_report.csv
Zelis Healthcare LLC,MA,Business Associate,4289,2025-08-12,Unauthorized Access/Disclosure,Paper/Films,Yes,null,2026-05-16T14:51:49.733Z,dbfs:/Volumes/workspace/default/healthcare_cyber_raw/hhs_breach_report.csv
Dr. Doug's Pediatric Dentistry,UT,Healthcare Provider,3590,2025-08-11,Hacking/IT Incident,Email,No,null,2026-05-16T14:51:49.733Z,dbfs:/Volumes/workspace/default/healthcare_cyber_raw/hhs_breach_report.csv
"Mission City Community Network, Inc.",CA,Healthcare Provider,11016,2025-08-09,Hacking/IT Incident,Network Server,No,null,2026-05-16T14:51:49.733Z,dbfs:/Volumes/workspace/default/healthcare_cyber_raw/hhs_breach_report.csv
Aflac Incorporated (“Aflac”),GA,Health Plan,13924906,2025-08-08,Hacking/IT Incident,Network Server,No,null,2026-05-16T14:51:49.733Z,dbfs:/Volumes/workspace/default/healthcare_cyber_raw/hhs_breach_report.csv
Friesen Group,CA,Healthcare Provider,500,2025-08-08,Hacking/IT Incident,Network Server,No,null,2026-05-16T14:51:49.733Z,dbfs:/Volumes/workspace/default/healthcare_cyber_raw/hhs_breach_report.csv
"Center for Disability Services, Inc.",NY,Healthcare Provider,3343,2025-08-08,Hacking/IT Incident,Email,No,null,2026-05-16T14:51:49.733Z,dbfs:/Volumes/workspace/default/healthcare_cyber_raw/hhs_breach_report.csv
PROVAIL,WA,Healthcare Provider,501,2025-08-08,Hacking/IT Incident,Network Server,No,null,2026-05-16T14:51:49.733Z,dbfs:/Volumes/workspace/default/healthcare_cyber_raw/hhs_breach_report.csv
South Coast Pediatrics,CA,Healthcare Provider,7000,2025-08-05,Hacking/IT Incident,Network Server,No,null,2026-05-16T14:51:49.733Z,dbfs:/Volumes/workspace/default/healthcare_cyber_raw/hhs_breach_report.csv
"Oglethorpe, Inc.",FL,Healthcare Provider,92332,2025-08-05,Hacking/IT Incident,Network Server,No,null,2026-05-16T14:51:49.733Z,dbfs:/Volumes/workspace/default/healthcare_cyber_raw/hhs_breach_report.csv
Precision Endodontics of Raleigh,NC,Healthcare Provider,4022,2025-08-05,Hacking/IT Incident,Email,No,null,2026-05-16T14:51:49.733Z,dbfs:/Volumes/workspace/default/healthcare_cyber_raw/hhs_breach_report.csv
"Westminster Village Greenwood, Inc.",IN,Healthcare Provider,14386,2025-08-04,Hacking/IT Incident,Network Server,No,null,2026-05-16T14:51:49.733Z,dbfs:/Volumes/workspace/default/healthcare_cyber_raw/hhs_breach_report.csv
MDLand International Corporation ,NY,Business Associate,22586,2025-08-04,Hacking/IT Incident,Network Server,Yes,null,2026-05-16T14:51:49.733Z,dbfs:/Volumes/workspace/default/healthcare_cyber_raw/hhs_breach_report.csv
Highlands Oncology Group PA,AR,Healthcare Provider,111766,2025-08-01,Hacking/IT Incident,Network Server,No,null,2026-05-16T14:51:49.733Z,dbfs:/Volumes/workspace/default/healthcare_cyber_raw/hhs_breach_report.csv
"Langdon & Company, LLP Certified Public Accountants",NC,Business Associate,46061,2025-08-01,Hacking/IT Incident,Network Server,Yes,null,2026-05-16T14:51:49.733Z,dbfs:/Volumes/workspace/default/healthcare_cyber_raw/hhs_breach_report.csv
DaVita Inc.,CO,Healthcare Provider,2689826,2025-08-01,Hacking/IT Incident,Network Server,No,null,2026-05-16T14:51:49.733Z,dbfs:/Volumes/workspace/default/healthcare_cyber_raw/hhs_breach_report.csv
"David A. Nover, M.D., P.C.",PA,Healthcare Provider,4703,2025-07-31,Hacking/IT Incident,Network Server,No,null,2026-05-16T14:51:49.733Z,dbfs:/Volumes/workspace/default/healthcare_cyber_raw/hhs_breach_report.csv
Vail Summit Orthopaedics,CO,Healthcare Provider,5044,2025-07-31,Hacking/IT Incident,Email,No,null,2026-05-16T14:51:49.733Z,dbfs:/Volumes/workspace/default/healthcare_cyber_raw/hhs_breach_report.csv
"Berkshire Health Systems, Inc.",MA,Healthcare Provider,1421,2025-07-30,Unauthorized Access/Disclosure,Electronic Medical Record,No,null,2026-05-16T14:51:49.733Z,dbfs:/Volumes/workspace/default/healthcare_cyber_raw/hhs_breach_report.csv
The Center at Cordera,CO,Healthcare Provider,6057,2025-07-29,Hacking/IT Incident,Network Server,No,null,2026-05-16T14:51:49.733Z,dbfs:/Volumes/workspace/default/healthcare_cyber_raw/hhs_breach_report.csv
"Compass Counseling Services, LLC",FL,Healthcare Provider,5440,2025-07-29,Hacking/IT Incident,Network Server,No,null,2026-05-16T14:51:49.733Z,dbfs:/Volumes/workspace/default/healthcare_cyber_raw/hhs_breach_report.csv
"Alera Group, Inc.",IL,Business Associate,155567,2025-07-29,Hacking/IT Incident,Network Server,Yes,null,2026-05-16T14:51:49.733Z,dbfs:/Volumes/workspace/default/healthcare_cyber_raw/hhs_breach_report.csv
"PhyNet Dermatology, LLC",TN,Business Associate,1308,2025-07-29,Hacking/IT Incident,Email,Yes,null,2026-05-16T14:51:49.733Z,dbfs:/Volumes/workspace/default/healthcare_cyber_raw/hhs_breach_report.csv
"Northwest Denture Center, Inc. ",WA,Healthcare Provider,19419,2025-07-25,Hacking/IT Incident,Network Server,No,null,2026-05-16T14:51:49.733Z,dbfs:/Volumes/workspace/default/healthcare_cyber_raw/hhs_breach_report.csv
Doctors’ Memorial Hospital ,FL,Healthcare Provider,500,2025-07-25,Hacking/IT Incident,Network Server,Yes,null,2026-05-16T14:51:49.733Z,dbfs:/Volumes/workspace/default/healthcare_cyber_raw/hhs_breach_report.csv
"Nova Recovery Center, LLC d/b/a Nova Recovery Center",TX,Healthcare Provider,6242,2025-07-24,Hacking/IT Incident,Network Server,No,null,2026-05-16T14:51:49.733Z,dbfs:/Volumes/workspace/default/healthcare_cyber_raw/hhs_breach_report.csv
McKenzie Memorial Hospital,MI,Healthcare Provider,58839,2025-07-24,Hacking/IT Incident,Network Server,No,null,2026-05-16T14:51:49.733Z,dbfs:/Volumes/workspace/default/healthcare_cyber_raw/hhs_breach_report.csv
Gastroenterology Consultants of South Texas ,TX,Healthcare Provider,44579,2025-07-22,Hacking/IT Incident,Network Server,No,null,2026-05-16T14:51:49.733Z,dbfs:/Volumes/workspace/default/healthcare_cyber_raw/hhs_breach_report.csv
Kettering Adventist Healthcare,OH,Healthcare Provider,1695382,2025-07-21,Hacking/IT Incident,Network Server,No,null,2026-05-16T14:51:49.733Z,dbfs:/Volumes/workspace/default/healthcare_cyber_raw/hhs_breach_report.csv
OrthoAtlanta LLC,GA,Business Associate,626,2025-07-21,Hacking/IT Incident,Email,Yes,null,2026-05-16T14:51:49.733Z,dbfs:/Volumes/workspace/default/healthcare_cyber_raw/hhs_breach_report.csv
"Infinite Services, Inc.",NY,Healthcare Provider,31742,2025-07-21,Hacking/IT Incident,Network Server,No,null,2026-05-16T14:51:49.733Z,dbfs:/Volumes/workspace/default/healthcare_cyber_raw/hhs_breach_report.csv
Dr. Michael Bilikas and Associates d.b.a. 32 Pearls,WA,Healthcare Provider,23517,2025-07-21,Hacking/IT Incident,Network Server,No,null,2026-05-16T14:51:49.733Z,dbfs:/Volumes/workspace/default/healthcare_cyber_raw/hhs_breach_report.csv
Equilibria Mental Health Services,PA,Healthcare Provider,3232,2025-07-20,Hacking/IT Incident,Email,No,null,2026-05-16T14:51:49.733Z,dbfs:/Volumes/workspace/default/healthcare_cyber_raw/hhs_breach_report.csv
"Keys Pathology Associates, PA",FL,Healthcare Provider,20000,2025-07-19,Hacking/IT Incident,Network Server,Yes,null,2026-05-16T14:51:49.733Z,dbfs:/Volumes/workspace/default/healthcare_cyber_raw/hhs_breach_report.csv
The Brien Center for Mental Health and Substance Abuse Services,MA,Healthcare Provider,5427,2025-07-18,Hacking/IT Incident,Network Server,No,null,2026-05-16T14:51:49.733Z,dbfs:/Volumes/workspace/default/healthcare_cyber_raw/hhs_breach_report.csv
Human Development Services of Westchester,NY,Healthcare Provider,501,2025-07-18,Hacking/IT Incident,Email,No,null,2026-05-16T14:51:49.733Z,dbfs:/Volumes/workspace/default/healthcare_cyber_raw/hhs_breach_report.csv
Self Regional Healthcare,SC,Healthcare Provider,26696,2025-07-17,Hacking/IT Incident,Network Server,Yes,null,2026-05-16T14:51:49.733Z,dbfs:/Volumes/workspace/default/healthcare_cyber_raw/hhs_breach_report.csv
Clinica Family Health Services,CO,Healthcare Provider,47593,2025-07-14,Hacking/IT Incident,Network Server,No,null,2026-05-16T14:51:49.733Z,dbfs:/Volumes/workspace/default/healthcare_cyber_raw/hhs_breach_report.csv
Williamsburg Area Medical Assistance Corporation d/b/a Olde Towne Medical and Dental Center (OTMDC),VA,Healthcare Provider,2567,2025-07-13,Hacking/IT Incident,Network Server,No,null,2026-05-16T14:51:49.733Z,dbfs:/Volumes/workspace/default/healthcare_cyber_raw/hhs_breach_report.csv
Regency Oaks,FL,Healthcare Provider,2008,2025-07-11,Hacking/IT Incident,Email,No,null,2026-05-16T14:51:49.733Z,dbfs:/Volumes/workspace/default/healthcare_cyber_raw/hhs_breach_report.csv
Freedom Plaza Senior Living,FL,Healthcare Provider,4847,2025-07-11,Hacking/IT Incident,Email,No,null,2026-05-16T14:51:49.733Z,dbfs:/Volumes/workspace/default/healthcare_cyber_raw/hhs_breach_report.csv
Freedom Square of Seminole,FL,Healthcare Provider,3473,2025-07-11,Hacking/IT Incident,Email,No,null,2026-05-16T14:51:49.733Z,dbfs:/Volumes/workspace/default/healthcare_cyber_raw/hhs_breach_report.csv
"Picis Clinical Solutions, Inc. d/b/a Medstreaming",MA,Business Associate,8840,2025-07-11,Hacking/IT Incident,Network Server,Yes,null,2026-05-16T14:51:49.733Z,dbfs:/Volumes/workspace/default/healthcare_cyber_raw/hhs_breach_report.csv
Covenant Health ,MA,Business Associate,7864,2025-07-11,Hacking/IT Incident,Network Server,Yes,null,2026-05-16T14:51:49.733Z,dbfs:/Volumes/workspace/default/healthcare_cyber_raw/hhs_breach_report.csv
Anne Arundel Dermatology ,MD,Healthcare Provider,1905000,2025-07-11,Hacking/IT Incident,Network Server,No,null,2026-05-16T14:51:49.733Z,dbfs:/Volumes/workspace/default/healthcare_cyber_raw/hhs_breach_report.csv
Mountain Laurel Dermatology,NC,Healthcare Provider,3324,2025-07-10,Hacking/IT Incident,Network Server,No,null,2026-05-16T14:51:49.733Z,dbfs:/Volumes/workspace/default/healthcare_cyber_raw/hhs_breach_report.csv
Naper Grove Vision Care,IL,Healthcare Provider,501,2025-07-10,Hacking/IT Incident,Network Server,No,null,2026-05-16T14:51:49.733Z,dbfs:/Volumes/workspace/default/healthcare_cyber_raw/hhs_breach_report.csv
"Florida Lung, Asthma & Sleep Specialists (FLASS)",FL,Healthcare Provider,10000,2025-07-09,Hacking/IT Incident,Network Server,No,null,2026-05-16T14:51:49.733Z,dbfs:/Volumes/workspace/default/healthcare_cyber_raw/hhs_breach_report.csv
Complete Care Rehab LLC,MI,Healthcare Provider,4764,2025-07-08,Hacking/IT Incident,Network Server,No,null,2026-05-16T14:51:49.733Z,dbfs:/Volumes/workspace/default/healthcare_cyber_raw/hhs_breach_report.csv
K&E Advanced Dentisrty,OH,Healthcare Provider,1700,2025-07-07,Hacking/IT Incident,Email,No,null,2026-05-16T14:51:49.733Z,dbfs:/Volumes/workspace/default/healthcare_cyber_raw/hhs_breach_report.csv
City of Franklin,WI,Healthcare Provider,3233,2025-07-03,Hacking/IT Incident,Network Server,No,null,2026-05-16T14:51:49.733Z,dbfs:/Volumes/workspace/default/healthcare_cyber_raw/hhs_breach_report.csv
"Zumpano Patricios, P.A.",FL,Business Associate,279275,2025-07-03,Hacking/IT Incident,Network Server,Yes,null,2026-05-16T14:51:49.733Z,dbfs:/Volumes/workspace/default/healthcare_cyber_raw/hhs_breach_report.csv
Cierant Corporation ,CT,Business Associate,232506,2025-07-03,Hacking/IT Incident,Network Server,Yes,null,2026-05-16T14:51:49.733Z,dbfs:/Volumes/workspace/default/healthcare_cyber_raw/hhs_breach_report.csv
"Arbor Associates, Inc.",MI,Business Associate,17040,2025-07-03,Hacking/IT Incident,Network Server,Yes,null,2026-05-16T14:51:49.733Z,dbfs:/Volumes/workspace/default/healthcare_cyber_raw/hhs_breach_report.csv
Urology Associates of Charleston,SC,Healthcare Provider,2060,2025-07-03,Hacking/IT Incident,Email,No,null,2026-05-16T14:51:49.733Z,dbfs:/Volumes/workspace/default/healthcare_cyber_raw/hhs_breach_report.csv
"Radiology Associates of Richmond, Inc.",VA,Healthcare Provider,1419091,2025-07-01,Hacking/IT Incident,Network Server,No,null,2026-05-16T14:51:49.733Z,dbfs:/Volumes/workspace/default/healthcare_cyber_raw/hhs_breach_report.csv
Texas Center for Infectious Disease Associates,TX,Healthcare Provider,19481,2025-06-30,Hacking/IT Incident,Network Server,No,null,2026-05-16T14:51:49.733Z,dbfs:/Volumes/workspace/default/healthcare_cyber_raw/hhs_breach_report.csv
Centers for Medicare & Medicaid Services,MD,Health Plan,107154,2025-06-30,Hacking/IT Incident,Network Server,No,null,2026-05-16T14:51:49.733Z,dbfs:/Volumes/workspace/default/healthcare_cyber_raw/hhs_breach_report.csv
Clinical Practices of the University of Pennsylvania,PA,Healthcare Provider,1432,2025-06-30,Unauthorized Access/Disclosure,Paper/Films,No,null,2026-05-16T14:51:49.733Z,dbfs:/Volumes/workspace/default/healthcare_cyber_raw/hhs_breach_report.csv
Southwest Urology,OH,Healthcare Provider,7214,2025-06-27,Hacking/IT Incident,Email,Yes,null,2026-05-16T14:51:49.733Z,dbfs:/Volumes/workspace/default/healthcare_cyber_raw/hhs_breach_report.csv
"Radiation Oncology Network of Southern California, LLC",CA,Healthcare Provider,12944,2025-06-27,Hacking/IT Incident,Email,Yes,null,2026-05-16T14:51:49.733Z,dbfs:/Volumes/workspace/default/healthcare_cyber_raw/hhs_breach_report.csv
PDCM Insurance,IA,Business Associate,501,2025-06-27,Hacking/IT Incident,Network Server,Yes,null,2026-05-16T14:51:49.733Z,dbfs:/Volumes/workspace/default/healthcare_cyber_raw/hhs_breach_report.csv
PET Imaging of Tulsa,OK,Healthcare Provider,3159,2025-06-27,Hacking/IT Incident,Email,Yes,null,2026-05-16T14:51:49.733Z,dbfs:/Volumes/workspace/default/healthcare_cyber_raw/hhs_breach_report.csv
PET Imaging of The Woodlands,TX,Healthcare Provider,2978,2025-06-27,Hacking/IT Incident,Email,Yes,null,2026-05-16T14:51:49.733Z,dbfs:/Volumes/workspace/default/healthcare_cyber_raw/hhs_breach_report.csv
PET Imaging of Northern Colorado,CO,Healthcare Provider,4824,2025-06-27,Hacking/IT Incident,Email,Yes,null,2026-05-16T14:51:49.733Z,dbfs:/Volumes/workspace/default/healthcare_cyber_raw/hhs_breach_report.csv
PET Imaging of Dallas Northeast,TX,Healthcare Provider,1935,2025-06-27,Hacking/IT Incident,Email,Yes,null,2026-05-16T14:51:49.733Z,dbfs:/Volumes/workspace/default/healthcare_cyber_raw/hhs_breach_report.csv
Orange County Radiation Oncology Medical Group,CA,Healthcare Provider,1911,2025-06-27,Hacking/IT Incident,Email,Yes,null,2026-05-16T14:51:49.733Z,dbfs:/Volumes/workspace/default/healthcare_cyber_raw/hhs_breach_report.csv
"Lake City Cancer Care, LLC",FL,Healthcare Provider,15142,2025-06-27,Hacking/IT Incident,Email,Yes,null,2026-05-16T14:51:49.733Z,dbfs:/Volumes/workspace/default/healthcare_cyber_raw/hhs_breach_report.csv
Integrated Oncology Network,TN,Business Associate,4174,2025-06-27,Hacking/IT Incident,Email,Yes,null,2026-05-16T14:51:49.733Z,dbfs:/Volumes/workspace/default/healthcare_cyber_raw/hhs_breach_report.csv
Fairbanks Urology,AK,Healthcare Provider,4289,2025-06-27,Hacking/IT Incident,Email,Yes,null,2026-05-16T14:51:49.733Z,dbfs:/Volumes/workspace/default/healthcare_cyber_raw/hhs_breach_report.csv
Denali Biomedical,AK,Healthcare Provider,2413,2025-06-27,Hacking/IT Incident,Email,Yes,null,2026-05-16T14:51:49.733Z,dbfs:/Volumes/workspace/default/healthcare_cyber_raw/hhs_breach_report.csv
Horizon Healthcare RCM,IN,Healthcare Clearing House,210901,2025-06-27,Hacking/IT Incident,Network Server,No,null,2026-05-16T14:51:49.733Z,dbfs:/Volumes/workspace/default/healthcare_cyber_raw/hhs_breach_report.csv
California Cancer Associates for Research and Excellence – San Diego,CA,Healthcare Provider,638,2025-06-27,Hacking/IT Incident,Email,Yes,null,2026-05-16T14:51:49.733Z,dbfs:/Volumes/workspace/default/healthcare_cyber_raw/hhs_breach_report.csv
California Cancer Associates for Research and Excellence – High Desert,CA,Healthcare Provider,17250,2025-06-27,Hacking/IT Incident,Email,Yes,null,2026-05-16T14:51:49.733Z,dbfs:/Volumes/workspace/default/healthcare_cyber_raw/hhs_breach_report.csv
Bardmoor Cancer Center,FL,Healthcare Provider,991,2025-06-27,Hacking/IT Incident,Email,Yes,null,2026-05-16T14:51:49.733Z,dbfs:/Volumes/workspace/default/healthcare_cyber_raw/hhs_breach_report.csv
Amalgamated Meat Cutters and Retail Food Store Employees Union Local 342 Health Care Fund,NY,Health Plan,56615,2025-06-26,Hacking/IT Incident,Network Server,No,null,2026-05-16T14:51:49.733Z,dbfs:/Volumes/workspace/default/healthcare_cyber_raw/hhs_breach_report.csv
"Jordan Drug, Inc.",KY,Healthcare Provider,4947,2025-06-26,Hacking/IT Incident,Network Server,No,null,2026-05-16T14:51:49.733Z,dbfs:/Volumes/workspace/default/healthcare_cyber_raw/hhs_breach_report.csv
Clement Manor,WI,Healthcare Provider,16046,2025-06-25,Hacking/IT Incident,Network Server,No,null,2026-05-16T14:51:49.733Z,dbfs:/Volumes/workspace/default/healthcare_cyber_raw/hhs_breach_report.csv
McLaren Health Care,MI,Healthcare Provider,743131,2025-06-24,Hacking/IT Incident,Network Server,No,null,2026-05-16T14:51:49.733Z,dbfs:/Volumes/workspace/default/healthcare_cyber_raw/hhs_breach_report.csv
Minneapolis VA Medical Center,MN,Healthcare Provider,1099,2025-06-24,Unauthorized Access/Disclosure,Paper/Films,No,null,2026-05-16T14:51:49.733Z,dbfs:/Volumes/workspace/default/healthcare_cyber_raw/hhs_breach_report.csv
Mainline Health Systems Inc,AR,Healthcare Provider,101104,2025-06-23,Hacking/IT Incident,Network Server,No,null,2026-05-16T14:51:49.733Z,dbfs:/Volumes/workspace/default/healthcare_cyber_raw/hhs_breach_report.csv
Blue Shield of California,CA,Business Associate,673,2025-06-23,Unauthorized Access/Disclosure,Email,Yes,null,2026-05-16T14:51:49.733Z,dbfs:/Volumes/workspace/default/healthcare_cyber_raw/hhs_breach_report.csv
Esse Health ,MO,Healthcare Provider,23671,2025-06-20,Hacking/IT Incident,Network Server,No,null,2026-05-16T14:51:49.733Z,dbfs:/Volumes/workspace/default/healthcare_cyber_raw/hhs_breach_report.csv
"Los Angeles County Developmental Services Fdn., Inc. dba Frank D. Lanterman Regional Ctr.",CA,Healthcare Provider,19000,2025-06-20,Hacking/IT Incident,Email,No,null,2026-05-16T14:51:49.733Z,dbfs:/Volumes/workspace/default/healthcare_cyber_raw/hhs_breach_report.csv
"Retina Associates of Cleveland, Inc.",OH,Healthcare Provider,3604,2025-06-20,Hacking/IT Incident,Email,No,null,2026-05-16T14:51:49.733Z,dbfs:/Volumes/workspace/default/healthcare_cyber_raw/hhs_breach_report.csv
Harbor,OH,Healthcare Provider,2703,2025-06-20,Hacking/IT Incident,Email,No,null,2026-05-16T14:51:49.733Z,dbfs:/Volumes/workspace/default/healthcare_cyber_raw/hhs_breach_report.csv
Skin Care Specialty Physicians,MD,Healthcare Provider,1038,2025-06-19,Hacking/IT Incident,Email,No,null,2026-05-16T14:51:49.733Z,dbfs:/Volumes/workspace/default/healthcare_cyber_raw/hhs_breach_report.csv
Marquette County Medical Care Facility,OH,Healthcare Provider,1499,2025-06-18,Hacking/IT Incident,Email,No,null,2026-05-16T14:51:49.733Z,dbfs:/Volumes/workspace/default/healthcare_cyber_raw/hhs_breach_report.csv
Winkler County Hospital District,TX,Healthcare Provider,637,2025-06-17,Unauthorized Access/Disclosure,Email,No,null,2026-05-16T14:51:49.733Z,dbfs:/Volumes/workspace/default/healthcare_cyber_raw/hhs_breach_report.csv
Broadwest Specialty Surgical Center,IN,Healthcare Provider,536,2025-06-17,Hacking/IT Incident,Network Server,Yes,null,2026-05-16T14:51:49.733Z,dbfs:/Volumes/workspace/default/healthcare_cyber_raw/hhs_breach_report.csv
"Decisely Insurance Services, LLC",GA,Business Associate,537603,2025-06-13,Hacking/IT Incident,"Network Server, Other",Yes,null,2026-05-16T14:51:49.733Z,dbfs:/Volumes/workspace/default/healthcare_cyber_raw/hhs_breach_report.csv
Central Kentucky Radiology,KY,Healthcare Provider,166953,2025-06-13,Hacking/IT Incident,Network Server,No,null,2026-05-16T14:51:49.733Z,dbfs:/Volumes/workspace/default/healthcare_cyber_raw/hhs_breach_report.csv
Diversified Services Enterprises,FL,Business Associate,501,2025-06-13,Hacking/IT Incident,Network Server,Yes,null,2026-05-16T14:51:49.733Z,dbfs:/Volumes/workspace/default/healthcare_cyber_raw/hhs_breach_report.csv
Elmore County,ID,Healthcare Provider,931,2025-06-13,Hacking/IT Incident,Email,No,null,2026-05-16T14:51:49.733Z,dbfs:/Volumes/workspace/default/healthcare_cyber_raw/hhs_breach_report.csv
AltaMed Health Services Corporation,CA,Healthcare Provider,4530,2025-06-13,Unauthorized Access/Disclosure,Email,No,null,2026-05-16T14:51:49.733Z,dbfs:/Volumes/workspace/default/healthcare_cyber_raw/hhs_breach_report.csv
Mount Rogers Community Services,VA,Healthcare Provider,38191,2025-06-13,Hacking/IT Incident,Network Server,No,null,2026-05-16T14:51:49.733Z,dbfs:/Volumes/workspace/default/healthcare_cyber_raw/hhs_breach_report.csv
Imperial Beach Community Clinic,CA,Healthcare Provider,10358,2025-06-12,Hacking/IT Incident,Network Server,No,null,2026-05-16T14:51:49.733Z,dbfs:/Volumes/workspace/default/healthcare_cyber_raw/hhs_breach_report.csv
Kelley Drye & Warren LLP,NY,Business Associate,771,2025-06-12,Hacking/IT Incident,Network Server,Yes,null,2026-05-16T14:51:49.733Z,dbfs:/Volumes/workspace/default/healthcare_cyber_raw/hhs_breach_report.csv
Rural Health Services ,SC,Healthcare Provider,36542,2025-06-12,Hacking/IT Incident,Network Server,No,null,2026-05-16T14:51:49.733Z,dbfs:/Volumes/workspace/default/healthcare_cyber_raw/hhs_breach_report.csv
Clarkston Chiropractic Sports & Wellness,MI,Healthcare Provider,2757,2025-06-11,Hacking/IT Incident,Network Server,Yes,null,2026-05-16T14:51:49.733Z,dbfs:/Volumes/workspace/default/healthcare_cyber_raw/hhs_breach_report.csv
"Repay Management Services, LLC",GA,Health Plan,606,2025-06-10,Hacking/IT Incident,Network Server,Yes,null,2026-05-16T14:51:49.733Z,dbfs:/Volumes/workspace/default/healthcare_cyber_raw/hhs_breach_report.csv
"Episource, LLC",CA,Business Associate,6725572,2025-06-06,Hacking/IT Incident,Network Server,Yes,null,2026-05-16T14:51:49.733Z,dbfs:/Volumes/workspace/default/healthcare_cyber_raw/hhs_breach_report.csv
Blue Shield of California,CA,Business Associate,1543,2025-06-06,Unauthorized Access/Disclosure,Other,Yes,null,2026-05-16T14:51:49.733Z,dbfs:/Volumes/workspace/default/healthcare_cyber_raw/hhs_breach_report.csv
Sharp Community Medical Group,CA,Healthcare Provider,26976,2025-06-06,Hacking/IT Incident,Network Server,Yes,null,2026-05-16T14:51:49.733Z,dbfs:/Volumes/workspace/default/healthcare_cyber_raw/hhs_breach_report.csv
Public Health Trust of Miami Dade County DBA Jackson Health System,FL,Healthcare Provider,2599,2025-06-06,Unauthorized Access/Disclosure,Electronic Medical Record,No,null,2026-05-16T14:51:49.733Z,dbfs:/Volumes/workspace/default/healthcare_cyber_raw/hhs_breach_report.csv
Sharp HealthCare,CA,Healthcare Provider,500,2025-06-06,Hacking/IT Incident,Network Server,Yes,null,2026-05-16T14:51:49.733Z,dbfs:/Volumes/workspace/default/healthcare_cyber_raw/hhs_breach_report.csv
"Huron Regional Medical Center, Inc.",SD,Healthcare Provider,25398,2025-06-06,Hacking/IT Incident,Network Server,No,null,2026-05-16T14:51:49.733Z,dbfs:/Volumes/workspace/default/healthcare_cyber_raw/hhs_breach_report.csv
Centivo Corporation,GA,Business Associate,630,2025-06-06,Unauthorized Access/Disclosure,Email,Yes,null,2026-05-16T14:51:49.733Z,dbfs:/Volumes/workspace/default/healthcare_cyber_raw/hhs_breach_report.csv
NYC Health + Hospitals,NY,Healthcare Provider,5728,2025-06-06,Hacking/IT Incident,Network Server,Yes,null,2026-05-16T14:51:49.733Z,dbfs:/Volumes/workspace/default/healthcare_cyber_raw/hhs_breach_report.csv
"Sensata Technologies, Inc. Health and Welfare Benefit Plan",MA,Health Plan,15630,2025-06-05,Hacking/IT Incident,Network Server,No,null,2026-05-16T14:51:49.733Z,dbfs:/Volumes/workspace/default/healthcare_cyber_raw/hhs_breach_report.csv
Renkim Corporation,MI,Business Associate,105518,2025-06-02,Hacking/IT Incident,Network Server,Yes,null,2026-05-16T14:51:49.733Z,dbfs:/Volumes/workspace/default/healthcare_cyber_raw/hhs_breach_report.csv
Cumberland County Hospital Association,KY,Healthcare Provider,36659,2025-06-02,Hacking/IT Incident,Other,No,null,2026-05-16T14:51:49.733Z,dbfs:/Volumes/workspace/default/healthcare_cyber_raw/hhs_breach_report.csv
Upper Dublin Family Dentistry,PA,Healthcare Provider,5000,2025-05-30,Hacking/IT Incident,Network Server,No,null,2026-05-16T14:51:49.733Z,dbfs:/Volumes/workspace/default/healthcare_cyber_raw/hhs_breach_report.csv
Oliver Street Dermatology Management LLC ,TX,Business Associate,13717,2025-05-30,Hacking/IT Incident,Network Server,Yes,null,2026-05-16T14:51:49.733Z,dbfs:/Volumes/workspace/default/healthcare_cyber_raw/hhs_breach_report.csv
"Providia Home Care, LLC dba Preferred Care Home Health Services",FL,Healthcare Provider,38401,2025-05-30,Hacking/IT Incident,Email,No,null,2026-05-16T14:51:49.733Z,dbfs:/Volumes/workspace/default/healthcare_cyber_raw/hhs_breach_report.csv
Horizon Blue Cross Blue Shield NJ,NJ,Health Plan,781,2025-05-30,Hacking/IT Incident,Network Server,No,null,2026-05-16T14:51:49.733Z,dbfs:/Volumes/workspace/default/healthcare_cyber_raw/hhs_breach_report.csv
Next Step Healthcare LLC,MA,Healthcare Provider,12090,2025-05-30,Hacking/IT Incident,Network Server,No,null,2026-05-16T14:51:49.733Z,dbfs:/Volumes/workspace/default/healthcare_cyber_raw/hhs_breach_report.csv
Missouri Department of Conservation,MO,Health Plan,10260,2025-05-30,Hacking/IT Incident,Network Server,No,null,2026-05-16T14:51:49.733Z,dbfs:/Volumes/workspace/default/healthcare_cyber_raw/hhs_breach_report.csv
Northwestern Community Services Board,VA,Healthcare Provider,21856,2025-05-29,Hacking/IT Incident,Network Server,No,null,2026-05-16T14:51:49.733Z,dbfs:/Volumes/workspace/default/healthcare_cyber_raw/hhs_breach_report.csv
"Gateway Community Services, Inc. ",FL,Healthcare Provider,34498,2025-05-29,Hacking/IT Incident,Network Server,No,null,2026-05-16T14:51:49.733Z,dbfs:/Volumes/workspace/default/healthcare_cyber_raw/hhs_breach_report.csv
The Smith Institute for Urology,NY,Healthcare Provider,2263,2025-05-28,Unauthorized Access/Disclosure,Desktop Computer,No,null,2026-05-16T14:51:49.733Z,dbfs:/Volumes/workspace/default/healthcare_cyber_raw/hhs_breach_report.csv
"Covenant Surgical Partners, Inc.",TX,Business Associate,88609,2025-05-28,Hacking/IT Incident,Network Server,Yes,null,2026-05-16T14:51:49.733Z,dbfs:/Volumes/workspace/default/healthcare_cyber_raw/hhs_breach_report.csv
"Mary B. Toporcer, MD, P.C.",PA,Healthcare Provider,501,2025-05-28,Hacking/IT Incident,Email,No,null,2026-05-16T14:51:49.733Z,dbfs:/Volumes/workspace/default/healthcare_cyber_raw/hhs_breach_report.csv
Cahaba Center for Mental Health,AL,Healthcare Provider,15085,2025-05-27,Hacking/IT Incident,Email,No,null,2026-05-16T14:51:49.733Z,dbfs:/Volumes/workspace/default/healthcare_cyber_raw/hhs_breach_report.csv
NHPP Physical Medicine and Rehabilitation,NY,Healthcare Provider,1353,2025-05-23,Unauthorized Access/Disclosure,Other,No,null,2026-05-16T14:51:49.733Z,dbfs:/Volumes/workspace/default/healthcare_cyber_raw/hhs_breach_report.csv
"Sports Physical Therapy, Occupational Therapy and Rehabilitation Services of the North Shore, P.L.L.C",NY,Healthcare Provider,6195,2025-05-23,Unauthorized Access/Disclosure,Other,No,null,2026-05-16T14:51:49.733Z,dbfs:/Volumes/workspace/default/healthcare_cyber_raw/hhs_breach_report.csv
North Shore University Hospital Sleep Disorders Center,NY,Healthcare Provider,13332,2025-05-23,Unauthorized Access/Disclosure,Other,No,null,2026-05-16T14:51:49.733Z,dbfs:/Volumes/workspace/default/healthcare_cyber_raw/hhs_breach_report.csv
The Cooper Health System,NJ,Healthcare Provider,57412,2025-05-23,Hacking/IT Incident,Network Server,No,null,2026-05-16T14:51:49.733Z,dbfs:/Volumes/workspace/default/healthcare_cyber_raw/hhs_breach_report.csv
Access2Day Health ,LA,Business Associate,4908,2025-05-23,Hacking/IT Incident,Email,Yes,null,2026-05-16T14:51:49.733Z,dbfs:/Volumes/workspace/default/healthcare_cyber_raw/hhs_breach_report.csv
Community Hospital of Anaconda,MT,Healthcare Provider,21243,2025-05-19,Hacking/IT Incident,Network Server,No,null,2026-05-16T14:51:49.733Z,dbfs:/Volumes/workspace/default/healthcare_cyber_raw/hhs_breach_report.csv
Insulet Corporation,MA,Healthcare Provider,841,2025-05-16,Unauthorized Access/Disclosure,Network Server,No,null,2026-05-16T14:51:49.733Z,dbfs:/Volumes/workspace/default/healthcare_cyber_raw/hhs_breach_report.csv
"Mercy Surgical Dressing Group, Inc.",PA,Business Associate,4159,2025-05-16,Hacking/IT Incident,Network Server,Yes,null,2026-05-16T14:51:49.733Z,dbfs:/Volumes/workspace/default/healthcare_cyber_raw/hhs_breach_report.csv
"Compassion Health Care, Inc.",NC,Healthcare Provider,23282,2025-05-16,Hacking/IT Incident,Network Server,No,null,2026-05-16T14:51:49.733Z,dbfs:/Volumes/workspace/default/healthcare_cyber_raw/hhs_breach_report.csv
"Harbin Clinic, LLC",GA,Healthcare Provider,176149,2025-05-16,Hacking/IT Incident,Network Server,Yes,null,2026-05-16T14:51:49.733Z,dbfs:/Volumes/workspace/default/healthcare_cyber_raw/hhs_breach_report.csv
Weiser Valley Hospital District dba Weiser Memorial Hospital,ID,Healthcare Provider,59990,2025-05-15,Hacking/IT Incident,Network Server,No,null,2026-05-16T14:51:49.733Z,dbfs:/Volumes/workspace/default/healthcare_cyber_raw/hhs_breach_report.csv
"HopeHealth, Inc.",SC,Healthcare Provider,5823,2025-05-15,Hacking/IT Incident,Network Server,No,null,2026-05-16T14:51:49.733Z,dbfs:/Volumes/workspace/default/healthcare_cyber_raw/hhs_breach_report.csv
"CareNexa, LLC, doing business as Molecular Testing Labs",WA,Healthcare Provider,7711,2025-05-15,Hacking/IT Incident,Network Server,Yes,null,2026-05-16T14:51:49.733Z,dbfs:/Volumes/workspace/default/healthcare_cyber_raw/hhs_breach_report.csv
Hunter Health Clinic,KS,Healthcare Provider,28431,2025-05-15,Hacking/IT Incident,Email,No,null,2026-05-16T14:51:49.733Z,dbfs:/Volumes/workspace/default/healthcare_cyber_raw/hhs_breach_report.csv
Anne Arundel County Department of Health,MD,Healthcare Provider,500,2025-05-15,Hacking/IT Incident,Network Server,No,null,2026-05-16T14:51:49.733Z,dbfs:/Volumes/workspace/default/healthcare_cyber_raw/hhs_breach_report.csv
"Doctors Hospital at Renaissance, LTD",TX,Healthcare Provider,501,2025-05-15,Hacking/IT Incident,Network Server,No,null,2026-05-16T14:51:49.733Z,dbfs:/Volumes/workspace/default/healthcare_cyber_raw/hhs_breach_report.csv
CVS Caremark ,RI,Business Associate,2599,2025-05-13,Unauthorized Access/Disclosure,Paper/Films,Yes,null,2026-05-16T14:51:49.733Z,dbfs:/Volumes/workspace/default/healthcare_cyber_raw/hhs_breach_report.csv
Washington Gastroenterology,WA,Healthcare Provider,501,2025-05-09,Hacking/IT Incident,Network Server,No,null,2026-05-16T14:51:49.733Z,dbfs:/Volumes/workspace/default/healthcare_cyber_raw/hhs_breach_report.csv
Blue Cross Blue Shield of Texas,IL,Business Associate,593,2025-05-09,Unauthorized Access/Disclosure,Paper/Films,Yes,null,2026-05-16T14:51:49.733Z,dbfs:/Volumes/workspace/default/healthcare_cyber_raw/hhs_breach_report.csv
"Tri-City Cardiology Consultants, P.C.",AZ,Healthcare Provider,22753,2025-05-08,Hacking/IT Incident,Network Server,No,null,2026-05-16T14:51:49.733Z,dbfs:/Volumes/workspace/default/healthcare_cyber_raw/hhs_breach_report.csv
Allied Services Division Welfare Fund,IL,Health Plan,5727,2025-05-07,Hacking/IT Incident,Email,No,null,2026-05-16T14:51:49.733Z,dbfs:/Volumes/workspace/default/healthcare_cyber_raw/hhs_breach_report.csv
The Carpenter Health Network,LA,Healthcare Provider,878,2025-05-06,Hacking/IT Incident,Network Server,No,null,2026-05-16T14:51:49.733Z,dbfs:/Volumes/workspace/default/healthcare_cyber_raw/hhs_breach_report.csv
"Minnesota Orthodontics and Dentofacial Orthopedics, P.A.",MN,Healthcare Provider,501,2025-05-05,Hacking/IT Incident,Network Server,No,null,2026-05-16T14:51:49.733Z,dbfs:/Volumes/workspace/default/healthcare_cyber_raw/hhs_breach_report.csv
"Monongalia Health System, Inc.",WV,Healthcare Provider,4895,2025-05-03,Unauthorized Access/Disclosure,Email,No,null,2026-05-16T14:51:49.733Z,dbfs:/Volumes/workspace/default/healthcare_cyber_raw/hhs_breach_report.csv
CardioVascular Health Clinic,OK,Healthcare Provider,501,2025-05-03,Hacking/IT Incident,Network Server,No,null,2026-05-16T14:51:49.733Z,dbfs:/Volumes/workspace/default/healthcare_cyber_raw/hhs_breach_report.csv
"Absolute Dental Group, LLC",NV,Business Associate,1223635,2025-05-02,Hacking/IT Incident,Network Server,Yes,null,2026-05-16T14:51:49.733Z,dbfs:/Volumes/workspace/default/healthcare_cyber_raw/hhs_breach_report.csv
DermCare Management,FL,Business Associate,501,2025-05-02,Hacking/IT Incident,Network Server,Yes,null,2026-05-16T14:51:49.733Z,dbfs:/Volumes/workspace/default/healthcare_cyber_raw/hhs_breach_report.csv
"Anesthesia Associates of Morristown, P.A.",NJ,Healthcare Provider,34675,2025-05-02,Improper Disposal,Paper/Films,Yes,null,2026-05-16T14:51:49.733Z,dbfs:/Volumes/workspace/default/healthcare_cyber_raw/hhs_breach_report.csv
Canby Clinic,OR,Healthcare Provider,549,2025-04-30,Unauthorized Access/Disclosure,Email,No,null,2026-05-16T14:51:49.733Z,dbfs:/Volumes/workspace/default/healthcare_cyber_raw/hhs_breach_report.csv
"Berkeley Research Group, LLC",CA,Business Associate,500,2025-04-30,Hacking/IT Incident,Network Server,Yes,null,2026-05-16T14:51:49.733Z,dbfs:/Volumes/workspace/default/healthcare_cyber_raw/hhs_breach_report.csv
Family Christian Health Center ,IL,Healthcare Provider,12500,2025-04-30,Hacking/IT Incident,Network Server,No,null,2026-05-16T14:51:49.733Z,dbfs:/Volumes/workspace/default/healthcare_cyber_raw/hhs_breach_report.csv
"Physician Wound Solutions, LLC dba Apollo Medical Supply",FL,Healthcare Provider,3561,2025-04-29,Unauthorized Access/Disclosure,Network Server,Yes,null,2026-05-16T14:51:49.733Z,dbfs:/Volumes/workspace/default/healthcare_cyber_raw/hhs_breach_report.csv
Ascension Health,MO,Healthcare Provider,437329,2025-04-28,Hacking/IT Incident,Network Server,No,null,2026-05-16T14:51:49.733Z,dbfs:/Volumes/workspace/default/healthcare_cyber_raw/hhs_breach_report.csv
"Maximus, Inc.",VA,Business Associate,4955,2025-04-25,Unauthorized Access/Disclosure,Network Server,Yes,null,2026-05-16T14:51:49.733Z,dbfs:/Volumes/workspace/default/healthcare_cyber_raw/hhs_breach_report.csv
Carlton County Public Health and Human Services,MN,Healthcare Provider,3502,2025-04-25,Hacking/IT Incident,Email,No,null,2026-05-16T14:51:49.733Z,dbfs:/Volumes/workspace/default/healthcare_cyber_raw/hhs_breach_report.csv
Brainard Surgery Center LLC,OH,Healthcare Provider,1820,2025-04-24,Hacking/IT Incident,Network Server,No,null,2026-05-16T14:51:49.733Z,dbfs:/Volumes/workspace/default/healthcare_cyber_raw/hhs_breach_report.csv
Palo Verde Hospital,CA,Healthcare Provider,594,2025-04-24,Hacking/IT Incident,Network Server,No,null,2026-05-16T14:51:49.733Z,dbfs:/Volumes/workspace/default/healthcare_cyber_raw/hhs_breach_report.csv
"Drug and Alcohol Treatment Services, Inc.",PA,Healthcare Provider,22215,2025-04-24,Hacking/IT Incident,Network Server,No,null,2026-05-16T14:51:49.733Z,dbfs:/Volumes/workspace/default/healthcare_cyber_raw/hhs_breach_report.csv
Cache Valley Ear Nose & Throat ,UT,Healthcare Provider,26469,2025-04-24,Hacking/IT Incident,Network Server,No,null,2026-05-16T14:51:49.733Z,dbfs:/Volumes/workspace/default/healthcare_cyber_raw/hhs_breach_report.csv
Orthopaedic Specialists of Connecticut,CT,Healthcare Provider,22541,2025-04-23,Hacking/IT Incident,Network Server,No,null,2026-05-16T14:51:49.733Z,dbfs:/Volumes/workspace/default/healthcare_cyber_raw/hhs_breach_report.csv
Icon Family Healthcare LLC,CA,Healthcare Provider,1800,2025-04-22,Unauthorized Access/Disclosure,Email,No,null,2026-05-16T14:51:49.733Z,dbfs:/Volumes/workspace/default/healthcare_cyber_raw/hhs_breach_report.csv
Onsite Mammography,MA,Business Associate,357265,2025-04-21,Hacking/IT Incident,Email,Yes,null,2026-05-16T14:51:49.733Z,dbfs:/Volumes/workspace/default/healthcare_cyber_raw/hhs_breach_report.csv
"90 Degree Benefits, Inc. – St. Paul",WI,Business Associate,1268,2025-04-18,Hacking/IT Incident,Email,Yes,null,2026-05-16T14:51:49.733Z,dbfs:/Volumes/workspace/default/healthcare_cyber_raw/hhs_breach_report.csv
HEALTH AND WELLNESS OF TEXAS,TX,Healthcare Provider,500,2025-04-16,Unauthorized Access/Disclosure,"Electronic Medical Record, Email",No,null,2026-05-16T14:51:49.733Z,dbfs:/Volumes/workspace/default/healthcare_cyber_raw/hhs_breach_report.csv
Recovery Epicenter Foundation,FL,Healthcare Provider,800,2025-04-16,Unauthorized Access/Disclosure,Network Server,No,null,2026-05-16T14:51:49.733Z,dbfs:/Volumes/workspace/default/healthcare_cyber_raw/hhs_breach_report.csv
"The City of Long Beach, CA",CA,Healthcare Provider,258191,2025-04-14,Hacking/IT Incident,Network Server,No,null,2026-05-16T14:51:49.733Z,dbfs:/Volumes/workspace/default/healthcare_cyber_raw/hhs_breach_report.csv
"Bell Ambulance, Inc.",WI,Healthcare Provider,237830,2025-04-14,Hacking/IT Incident,Network Server,No,null,2026-05-16T14:51:49.733Z,dbfs:/Volumes/workspace/default/healthcare_cyber_raw/hhs_breach_report.csv
Health Care Service Corporation,IL,Health Plan,2944,2025-04-13,Unauthorized Access/Disclosure,Other,No,null,2026-05-16T14:51:49.733Z,dbfs:/Volumes/workspace/default/healthcare_cyber_raw/hhs_breach_report.csv
Blue Cross and Blue Shield of Texas,IL,Health Plan,12086,2025-04-13,Unauthorized Access/Disclosure,Other,No,null,2026-05-16T14:51:49.733Z,dbfs:/Volumes/workspace/default/healthcare_cyber_raw/hhs_breach_report.csv
Blue Cross and Blue Shield of Oklahoma,IL,Health Plan,1020,2025-04-13,Unauthorized Access/Disclosure,Other,No,null,2026-05-16T14:51:49.733Z,dbfs:/Volumes/workspace/default/healthcare_cyber_raw/hhs_breach_report.csv
Blue Cross and Blue Shield of Illinois,IL,Health Plan,6903,2025-04-13,Unauthorized Access/Disclosure,Other,No,null,2026-05-16T14:51:49.733Z,dbfs:/Volumes/workspace/default/healthcare_cyber_raw/hhs_breach_report.csv
Summit Healthcare Medical Associates,AZ,Healthcare Provider,1861,2025-04-11,Unauthorized Access/Disclosure,Electronic Medical Record,No,null,2026-05-16T14:51:49.733Z,dbfs:/Volumes/workspace/default/healthcare_cyber_raw/hhs_breach_report.csv
"Altior Healthcare, LLC",CA,Healthcare Provider,1002,2025-04-11,Hacking/IT Incident,Email,No,null,2026-05-16T14:51:49.733Z,dbfs:/Volumes/workspace/default/healthcare_cyber_raw/hhs_breach_report.csv
Endue Software,ME,Business Associate,118028,2025-04-11,Hacking/IT Incident,Network Server,Yes,null,2026-05-16T14:51:49.733Z,dbfs:/Volumes/workspace/default/healthcare_cyber_raw/hhs_breach_report.csv
The Gatesworth Senior Living St. Louis,MO,Healthcare Provider,31124,2025-04-11,Hacking/IT Incident,Network Server,No,null,2026-05-16T14:51:49.733Z,dbfs:/Volumes/workspace/default/healthcare_cyber_raw/hhs_breach_report.csv
Parc Provence Memory Care Facility,MO,Healthcare Provider,13954,2025-04-11,Hacking/IT Incident,Network Server,No,null,2026-05-16T14:51:49.733Z,dbfs:/Volumes/workspace/default/healthcare_cyber_raw/hhs_breach_report.csv
"Kelly & Associates Insurance Group, Inc. ",MD,Business Associate,553332,2025-04-09,Hacking/IT Incident,Network Server,Yes,null,2026-05-16T14:51:49.733Z,dbfs:/Volumes/workspace/default/healthcare_cyber_raw/hhs_breach_report.csv
Alabama Ophthalmology Associates,AL,Healthcare Provider,131576,2025-04-08,Hacking/IT Incident,"Desktop Computer, Network Server",No,null,2026-05-16T14:51:49.733Z,dbfs:/Volumes/workspace/default/healthcare_cyber_raw/hhs_breach_report.csv
"Friendship House, Inc.",NE,Healthcare Provider,501,2025-04-04,Hacking/IT Incident,Network Server,No,null,2026-05-16T14:51:49.733Z,dbfs:/Volumes/workspace/default/healthcare_cyber_raw/hhs_breach_report.csv
Loretto Hospital ,IL,Healthcare Provider,501,2025-04-04,Hacking/IT Incident,Network Server,No,null,2026-05-16T14:51:49.733Z,dbfs:/Volumes/workspace/default/healthcare_cyber_raw/hhs_breach_report.csv
"Newburgh Healthcare Residential Center, Inc.",IN,Healthcare Provider,700,2025-04-04,Hacking/IT Incident,Network Server,No,null,2026-05-16T14:51:49.733Z,dbfs:/Volumes/workspace/default/healthcare_cyber_raw/hhs_breach_report.csv
Dallas County MHMR dba Metrocare Services,TX,Healthcare Provider,553,2025-04-03,Unauthorized Access/Disclosure,"Email, Network Server",No,null,2026-05-16T14:51:49.733Z,dbfs:/Volumes/workspace/default/healthcare_cyber_raw/hhs_breach_report.csv
Hamilton County Government,TN,Healthcare Provider,14081,2025-04-03,Hacking/IT Incident,Network Server,Yes,null,2026-05-16T14:51:49.733Z,dbfs:/Volumes/workspace/default/healthcare_cyber_raw/hhs_breach_report.csv
Dameron Hospital,CA,Healthcare Provider,210706,2025-04-02,Hacking/IT Incident,Network Server,No,null,2026-05-16T14:51:49.733Z,dbfs:/Volumes/workspace/default/healthcare_cyber_raw/hhs_breach_report.csv
"Allegany Council on Alcoholism & Substance Abuse, Inc.",NY,Healthcare Provider,696,2025-04-02,Hacking/IT Incident,Email,No,null,2026-05-16T14:51:49.733Z,dbfs:/Volumes/workspace/default/healthcare_cyber_raw/hhs_breach_report.csv
Health Services LLC,OH,Healthcare Provider,75906,2025-04-01,Hacking/IT Incident,Network Server,No,null,2026-05-16T14:51:49.733Z,dbfs:/Volumes/workspace/default/healthcare_cyber_raw/hhs_breach_report.csv
Central District Health Department of Nebraska,NE,Healthcare Provider,58519,2025-04-01,Hacking/IT Incident,Network Server,No,null,2026-05-16T14:51:49.733Z,dbfs:/Volumes/workspace/default/healthcare_cyber_raw/hhs_breach_report.csv
"Family Centers, Inc.",CT,Healthcare Provider,12142,2025-03-31,Hacking/IT Incident,Network Server,No,null,2026-05-16T14:51:49.733Z,dbfs:/Volumes/workspace/default/healthcare_cyber_raw/hhs_breach_report.csv
North Hudson Community Action Corporation,NJ,Healthcare Provider,501,2025-03-28,Hacking/IT Incident,Network Server,No,null,2026-05-16T14:51:49.733Z,dbfs:/Volumes/workspace/default/healthcare_cyber_raw/hhs_breach_report.csv
"Community Dental Care, Inc.  ",MN,Healthcare Provider,134903,2025-03-28,Hacking/IT Incident,Network Server,No,null,2026-05-16T14:51:49.733Z,dbfs:/Volumes/workspace/default/healthcare_cyber_raw/hhs_breach_report.csv
Baptist Hospitals of Southeast Texas,TX,Healthcare Provider,501,2025-03-28,Hacking/IT Incident,Network Server,No,null,2026-05-16T14:51:49.733Z,dbfs:/Volumes/workspace/default/healthcare_cyber_raw/hhs_breach_report.csv
Frederick Health,MD,Healthcare Provider,934326,2025-03-28,Hacking/IT Incident,Network Server,No,null,2026-05-16T14:51:49.733Z,dbfs:/Volumes/workspace/default/healthcare_cyber_raw/hhs_breach_report.csv
SimonMed Imaging,AZ,Healthcare Provider,500,2025-03-27,Hacking/IT Incident,Network Server,No,null,2026-05-16T14:51:49.733Z,dbfs:/Volumes/workspace/default/healthcare_cyber_raw/hhs_breach_report.csv
Western Wayne Family Physicians ,MI,Healthcare Provider,62000,2025-03-26,Hacking/IT Incident,Network Server,No,null,2026-05-16T14:51:49.733Z,dbfs:/Volumes/workspace/default/healthcare_cyber_raw/hhs_breach_report.csv
Concord Orthopaedics,NH,Healthcare Provider,72815,2025-03-25,Hacking/IT Incident,Network Server,No,null,2026-05-16T14:51:49.733Z,dbfs:/Volumes/workspace/default/healthcare_cyber_raw/hhs_breach_report.csv
"James J. Lynch, MD Ltd. dba Swift Institute",NV,Healthcare Provider,13430,2025-03-25,Hacking/IT Incident,Network Server,No,null,2026-05-16T14:51:49.733Z,dbfs:/Volumes/workspace/default/healthcare_cyber_raw/hhs_breach_report.csv
Bigfork Valley Hospital,MN,Healthcare Provider,8496,2025-03-25,Hacking/IT Incident,Email,No,null,2026-05-16T14:51:49.733Z,dbfs:/Volumes/workspace/default/healthcare_cyber_raw/hhs_breach_report.csv
MedicareCompareUSA,WA,Business Associate,5782,2025-03-21,Hacking/IT Incident,Email,Yes,null,2026-05-16T14:51:49.733Z,dbfs:/Volumes/workspace/default/healthcare_cyber_raw/hhs_breach_report.csv
"MedRevenu, LLC",CA,Business Associate,17775,2025-03-21,Hacking/IT Incident,Network Server,Yes,null,2026-05-16T14:51:49.733Z,dbfs:/Volumes/workspace/default/healthcare_cyber_raw/hhs_breach_report.csv
"Mid Florida Primary Care, PA ",FL,Healthcare Provider,16435,2025-03-21,Hacking/IT Incident,Network Server,No,null,2026-05-16T14:51:49.733Z,dbfs:/Volumes/workspace/default/healthcare_cyber_raw/hhs_breach_report.csv
AmeriHealth Caritas Louisiana ,LA,Health Plan,1552,2025-03-21,Unauthorized Access/Disclosure,"Network Server, Other",No,null,2026-05-16T14:51:49.733Z,dbfs:/Volumes/workspace/default/healthcare_cyber_raw/hhs_breach_report.csv
"Fyzical Acquisition Holdings, LLC",FL,Business Associate,43045,2025-03-21,Hacking/IT Incident,Email,Yes,null,2026-05-16T14:51:49.733Z,dbfs:/Volumes/workspace/default/healthcare_cyber_raw/hhs_breach_report.csv
Millennium Home Health Care,OK,Healthcare Provider,4743,2025-03-19,Hacking/IT Incident,Network Server,No,null,2026-05-16T14:51:49.733Z,dbfs:/Volumes/workspace/default/healthcare_cyber_raw/hhs_breach_report.csv
"The Pavilion at HealthPark, LLC dba Park Royal Hospital",FL,Healthcare Provider,9349,2025-03-18,Hacking/IT Incident,Email,No,null,2026-05-16T14:51:49.733Z,dbfs:/Volumes/workspace/default/healthcare_cyber_raw/hhs_breach_report.csv
Presbyterian Health Plan,NM,Health Plan,7100,2025-03-18,Hacking/IT Incident,Email,No,null,2026-05-16T14:51:49.733Z,dbfs:/Volumes/workspace/default/healthcare_cyber_raw/hhs_breach_report.csv
Lena Pope Home Inc.,TX,Healthcare Provider,3523,2025-03-17,Hacking/IT Incident,Email,No,null,2026-05-16T14:51:49.733Z,dbfs:/Volumes/workspace/default/healthcare_cyber_raw/hhs_breach_report.csv
Klickitat Valley Health,WA,Healthcare Provider,26339,2025-03-14,Hacking/IT Incident,Network Server,No,null,2026-05-16T14:51:49.733Z,dbfs:/Volumes/workspace/default/healthcare_cyber_raw/hhs_breach_report.csv
"Welts, White, & Fontaine PC",NH,Business Associate,500,2025-03-14,Hacking/IT Incident,Network Server,Yes,null,2026-05-16T14:51:49.733Z,dbfs:/Volumes/workspace/default/healthcare_cyber_raw/hhs_breach_report.csv
"CDHA Management, LLC and Spark DSO, LLC dba Chord Specialty Dental Partners",TN,Healthcare Provider,173430,2025-03-14,Hacking/IT Incident,Email,No,null,2026-05-16T14:51:49.733Z,dbfs:/Volumes/workspace/default/healthcare_cyber_raw/hhs_breach_report.csv
Baylor Scott & White Texas Spine & Joint Hospital,TX,Healthcare Provider,1640,2025-03-14,Hacking/IT Incident,Email,No,null,2026-05-16T14:51:49.733Z,dbfs:/Volumes/workspace/default/healthcare_cyber_raw/hhs_breach_report.csv
Columbia Eye Clinic ,SC,Healthcare Provider,500,2025-03-14,Hacking/IT Incident,Network Server,No,null,2026-05-16T14:51:49.733Z,dbfs:/Volumes/workspace/default/healthcare_cyber_raw/hhs_breach_report.csv
"Nice Healthcare Management Company, Inc",MN,Healthcare Provider,10000,2025-03-10,Hacking/IT Incident,Network Server,Yes,null,2026-05-16T14:51:49.733Z,dbfs:/Volumes/workspace/default/healthcare_cyber_raw/hhs_breach_report.csv
SCLARC,CA,Business Associate,722,2025-03-06,Theft,"Laptop, Other Portable Electronic Device, Paper/Films",Yes,null,2026-05-16T14:51:49.733Z,dbfs:/Volumes/workspace/default/healthcare_cyber_raw/hhs_breach_report.csv
Fort Wayne Medical Education Program ,IN,Healthcare Provider,28502,2025-03-06,Hacking/IT Incident,Network Server,No,null,2026-05-16T14:51:49.733Z,dbfs:/Volumes/workspace/default/healthcare_cyber_raw/hhs_breach_report.csv
"Madison County, MS ",MS,Health Plan,6082,2025-03-05,Hacking/IT Incident,Email,No,null,2026-05-16T14:51:49.733Z,dbfs:/Volumes/workspace/default/healthcare_cyber_raw/hhs_breach_report.csv
"Hillcrest Convalescent Center, Inc. ",NC,Healthcare Provider,106194,2025-03-04,Hacking/IT Incident,Network Server,No,null,2026-05-16T14:51:49.733Z,dbfs:/Volumes/workspace/default/healthcare_cyber_raw/hhs_breach_report.csv
"Liberty Resources, Inc.",NY,Healthcare Provider,103711,2025-03-04,Hacking/IT Incident,Network Server,No,null,2026-05-16T14:51:49.733Z,dbfs:/Volumes/workspace/default/healthcare_cyber_raw/hhs_breach_report.csv
Manchester Rehabilitation and Healthcare Center,CT,Healthcare Provider,5415,2025-03-03,Hacking/IT Incident,Network Server,No,null,2026-05-16T14:51:49.733Z,dbfs:/Volumes/workspace/default/healthcare_cyber_raw/hhs_breach_report.csv
Community Care Alliance,RI,Healthcare Provider,114975,2025-03-01,Hacking/IT Incident,Network Server,No,null,2026-05-16T14:51:49.733Z,dbfs:/Volumes/workspace/default/healthcare_cyber_raw/hhs_breach_report.csv
Total Medical Imaging ,FL,Healthcare Provider,27000,2025-02-28,Unauthorized Access/Disclosure,Network Server,Yes,null,2026-05-16T14:51:49.733Z,dbfs:/Volumes/workspace/default/healthcare_cyber_raw/hhs_breach_report.csv
"Gaylord Hospital, Inc ",CT,Healthcare Provider,62232,2025-02-28,Hacking/IT Incident,Network Server,No,null,2026-05-16T14:51:49.733Z,dbfs:/Volumes/workspace/default/healthcare_cyber_raw/hhs_breach_report.csv
"Southeast Series of Lockton Companies, LLC (Lockton)",GA,Business Associate,1124727,2025-02-28,Hacking/IT Incident,Network Server,Yes,null,2026-05-16T14:51:49.733Z,dbfs:/Volumes/workspace/default/healthcare_cyber_raw/hhs_breach_report.csv
Kronick Moskovitz Tiedemann & Girard,CA,Business Associate,2511,2025-02-28,Hacking/IT Incident,Network Server,Yes,null,2026-05-16T14:51:49.733Z,dbfs:/Volumes/workspace/default/healthcare_cyber_raw/hhs_breach_report.csv
"CEI Vision Partners, LLC",MO,Business Associate,10841,2025-02-28,Hacking/IT Incident,Network Server,Yes,null,2026-05-16T14:51:49.733Z,dbfs:/Volumes/workspace/default/healthcare_cyber_raw/hhs_breach_report.csv
"East Hawaii Rehab, Inc. DBA Lehua Physical Therapy and Rehab",HI,Healthcare Provider,8472,2025-02-28,Theft,"Other, Other Portable Electronic Device, Paper/Films",No,null,2026-05-16T14:51:49.733Z,dbfs:/Volumes/workspace/default/healthcare_cyber_raw/hhs_breach_report.csv
Lake Washington Vascular,WA,Healthcare Provider,21534,2025-02-25,Hacking/IT Incident,Network Server,No,null,2026-05-16T14:51:49.733Z,dbfs:/Volumes/workspace/default/healthcare_cyber_raw/hhs_breach_report.csv
Consultants in Pain Medicine,TX,Healthcare Provider,1124,2025-02-16,Hacking/IT Incident,Network Server,No,null,2026-05-16T14:51:49.733Z,dbfs:/Volumes/workspace/default/healthcare_cyber_raw/hhs_breach_report.csv
"Spring Management OK, LLC",OK,Business Associate,2494,2025-02-14,Hacking/IT Incident,Network Server,Yes,null,2026-05-16T14:51:49.733Z,dbfs:/Volumes/workspace/default/healthcare_cyber_raw/hhs_breach_report.csv
"Restorix Health, Inc.",LA,Business Associate,38553,2025-02-14,Unauthorized Access/Disclosure,Email,Yes,null,2026-05-16T14:51:49.733Z,dbfs:/Volumes/workspace/default/healthcare_cyber_raw/hhs_breach_report.csv
Cornerstones of Care,MO,Healthcare Provider,2771,2025-02-14,Hacking/IT Incident,Email,No,null,2026-05-16T14:51:49.733Z,dbfs:/Volumes/workspace/default/healthcare_cyber_raw/hhs_breach_report.csv
"Children's Dental Center at Preston Trail, P.C. d/b/a Park Place Pediatric Dentistry (Arlington, TX) ",TN,Healthcare Provider,1690,2025-02-14,Theft,Laptop,No,null,2026-05-16T14:51:49.733Z,dbfs:/Volumes/workspace/default/healthcare_cyber_raw/hhs_breach_report.csv
"Somnia, Inc.",NY,Business Associate,19069,2025-02-14,Hacking/IT Incident,Email,Yes,null,2026-05-16T14:51:49.733Z,dbfs:/Volumes/workspace/default/healthcare_cyber_raw/hhs_breach_report.csv
UNITED BACKCARE PS dba Pacific Rehabilitation Centers,WA,Healthcare Provider,18900,2025-02-11,Hacking/IT Incident,Network Server,No,null,2026-05-16T14:51:49.733Z,dbfs:/Volumes/workspace/default/healthcare_cyber_raw/hhs_breach_report.csv
Columbus Division of Fire,OH,Healthcare Provider,736,2025-02-10,Hacking/IT Incident,Network Server,No,null,2026-05-16T14:51:49.733Z,dbfs:/Volumes/workspace/default/healthcare_cyber_raw/hhs_breach_report.csv
"CPS Solutions, LLC",OH,Business Associate,500,2025-02-10,Hacking/IT Incident,Email,Yes,null,2026-05-16T14:51:49.733Z,dbfs:/Volumes/workspace/default/healthcare_cyber_raw/hhs_breach_report.csv
"Blue & Co., LLC",IN,Business Associate,228999,2025-02-07,Hacking/IT Incident,Network Server,Yes,null,2026-05-16T14:51:49.733Z,dbfs:/Volumes/workspace/default/healthcare_cyber_raw/hhs_breach_report.csv
"U.S. HEALTHWORKS-SMMPP, L.C.",AZ,Business Associate,10673,2025-02-06,Hacking/IT Incident,Network Server,Yes,null,2026-05-16T14:51:49.733Z,dbfs:/Volumes/workspace/default/healthcare_cyber_raw/hhs_breach_report.csv
"Primary Health-SMMPP, L.C.",AZ,Business Associate,67567,2025-02-06,Hacking/IT Incident,Network Server,Yes,null,2026-05-16T14:51:49.733Z,dbfs:/Volumes/workspace/default/healthcare_cyber_raw/hhs_breach_report.csv
St. Marys NDS LLC,AZ,Business Associate,11715,2025-02-06,Hacking/IT Incident,Network Server,Yes,null,2026-05-16T14:51:49.733Z,dbfs:/Volumes/workspace/default/healthcare_cyber_raw/hhs_breach_report.csv
"VectraRx Mail Pharmacy Services, LLC",AZ,Healthcare Provider,109383,2025-02-06,Hacking/IT Incident,Network Server,No,null,2026-05-16T14:51:49.733Z,dbfs:/Volumes/workspace/default/healthcare_cyber_raw/hhs_breach_report.csv
"Escambia Community Clinics, Inc. dba Community Health Northwest Florida ",FL,Healthcare Provider,143969,2025-02-03,Hacking/IT Incident,Network Server,No,null,2026-05-16T14:51:49.733Z,dbfs:/Volumes/workspace/default/healthcare_cyber_raw/hhs_breach_report.csv
"ARC Community Services, Inc.",WI,Healthcare Provider,501,2025-02-02,Hacking/IT Incident,Network Server,No,null,2026-05-16T14:51:49.733Z,dbfs:/Volumes/workspace/default/healthcare_cyber_raw/hhs_breach_report.csv
"Primary Health Services Center, Inc.",LA,Healthcare Provider,17202,2025-02-02,Hacking/IT Incident,Network Server,No,null,2026-05-16T14:51:49.733Z,dbfs:/Volumes/workspace/default/healthcare_cyber_raw/hhs_breach_report.csv
"PIH Health, Inc.",CA,Healthcare Provider,2947264,2025-01-31,Hacking/IT Incident,Network Server,No,null,2026-05-16T14:51:49.733Z,dbfs:/Volumes/workspace/default/healthcare_cyber_raw/hhs_breach_report.csv
Mental Health Association Inc. ,MA,Healthcare Provider,12633,2025-01-31,Unauthorized Access/Disclosure,Network Server,No,null,2026-05-16T14:51:49.733Z,dbfs:/Volumes/workspace/default/healthcare_cyber_raw/hhs_breach_report.csv
Methodist Homes of Alabama and Northwest Florida,AL,Healthcare Provider,908,2025-01-30,Hacking/IT Incident,Network Server,No,null,2026-05-16T14:51:49.733Z,dbfs:/Volumes/workspace/default/healthcare_cyber_raw/hhs_breach_report.csv
"Community Health Center, Inc.",CT,Healthcare Provider,1060936,2025-01-30,Hacking/IT Incident,"Electronic Medical Record, Network Server",No,null,2026-05-16T14:51:49.733Z,dbfs:/Volumes/workspace/default/healthcare_cyber_raw/hhs_breach_report.csv
Spring River Mental Health & Wellness,KS,Healthcare Provider,3250,2025-01-24,Hacking/IT Incident,Network Server,No,null,2026-05-16T14:51:49.733Z,dbfs:/Volumes/workspace/default/healthcare_cyber_raw/hhs_breach_report.csv
"Benefits Management Group, Inc. ",IL,Business Associate,501,2025-01-24,Hacking/IT Incident,Network Server,Yes,null,2026-05-16T14:51:49.733Z,dbfs:/Volumes/workspace/default/healthcare_cyber_raw/hhs_breach_report.csv
"Aprendamos Intervention Team, P.A.",NM,Healthcare Provider,1916,2025-01-23,Unauthorized Access/Disclosure,Email,No,null,2026-05-16T14:51:49.733Z,dbfs:/Volumes/workspace/default/healthcare_cyber_raw/hhs_breach_report.csv
Inlet Health dba Communicare ,KY,Healthcare Provider,3771,2025-01-22,Hacking/IT Incident,Network Server,No,null,2026-05-16T14:51:49.733Z,dbfs:/Volumes/workspace/default/healthcare_cyber_raw/hhs_breach_report.csv
Apex Custom Software,TX,Business Associate,1500,2025-01-22,Hacking/IT Incident,Network Server,Yes,null,2026-05-16T14:51:49.733Z,dbfs:/Volumes/workspace/default/healthcare_cyber_raw/hhs_breach_report.csv
"University Diagnostic Medical Imaging, PC",NY,Healthcare Provider,138080,2025-01-21,Hacking/IT Incident,Network Server,No,null,2026-05-16T14:51:49.733Z,dbfs:/Volumes/workspace/default/healthcare_cyber_raw/hhs_breach_report.csv
"Holdrege Memorial Homes, Inc. ",NE,Healthcare Provider,1446,2025-01-20,Hacking/IT Incident,Network Server,No,null,2026-05-16T14:51:49.733Z,dbfs:/Volumes/workspace/default/healthcare_cyber_raw/hhs_breach_report.csv
Behavioral Health Resources,WA,Healthcare Provider,49213,2025-01-17,Hacking/IT Incident,Network Server,No,null,2026-05-16T14:51:49.733Z,dbfs:/Volumes/workspace/default/healthcare_cyber_raw/hhs_breach_report.csv
Allegheny Health Network Home Medical Equipment LLC and Allegheny Health Network Home Infusion LLC,PA,Healthcare Provider,292773,2025-01-17,Hacking/IT Incident,Network Server,Yes,null,2026-05-16T14:51:49.733Z,dbfs:/Volumes/workspace/default/healthcare_cyber_raw/hhs_breach_report.csv
"Asheville Eye Associates, PLLC",NC,Healthcare Provider,204984,2025-01-17,Hacking/IT Incident,Network Server,No,null,2026-05-16T14:51:49.733Z,dbfs:/Volumes/workspace/default/healthcare_cyber_raw/hhs_breach_report.csv
"Alpine Ears, Nose & Throat, P.L.L.C.",CO,Healthcare Provider,65648,2025-01-17,Unauthorized Access/Disclosure,Network Server,No,null,2026-05-16T14:51:49.733Z,dbfs:/Volumes/workspace/default/healthcare_cyber_raw/hhs_breach_report.csv
Community Treatment Solutions,NJ,Healthcare Provider,950,2025-01-16,Hacking/IT Incident,Network Server,No,null,2026-05-16T14:51:49.733Z,dbfs:/Volumes/workspace/default/healthcare_cyber_raw/hhs_breach_report.csv
Mid America Physician Services ,KS,Healthcare Provider,104513,2025-01-13,Hacking/IT Incident,Network Server,No,null,2026-05-16T14:51:49.733Z,dbfs:/Volumes/workspace/default/healthcare_cyber_raw/hhs_breach_report.csv
"Newport Harbor Pathology Medical Group, Inc.",CA,Healthcare Provider,119341,2025-01-10,Hacking/IT Incident,Network Server,No,null,2026-05-16T14:51:49.733Z,dbfs:/Volumes/workspace/default/healthcare_cyber_raw/hhs_breach_report.csv
Samaritan Counseling Center of the Fox Valley,WI,Healthcare Provider,956,2025-01-10,Hacking/IT Incident,Email,No,null,2026-05-16T14:51:49.733Z,dbfs:/Volumes/workspace/default/healthcare_cyber_raw/hhs_breach_report.csv
"BayMark Health Services, Inc.",TX,Business Associate,3170,2025-01-08,Hacking/IT Incident,Network Server,Yes,null,2026-05-16T14:51:49.733Z,dbfs:/Volumes/workspace/default/healthcare_cyber_raw/hhs_breach_report.csv
Eastern Idaho Public Health,ID,Healthcare Provider,759,2025-01-07,Unauthorized Access/Disclosure,Electronic Medical Record,No,null,2026-05-16T14:51:49.733Z,dbfs:/Volumes/workspace/default/healthcare_cyber_raw/hhs_breach_report.csv
Medusind Inc.,FL,Business Associate,701475,2025-01-07,Hacking/IT Incident,Network Server,Yes,null,2026-05-16T14:51:49.733Z,dbfs:/Volumes/workspace/default/healthcare_cyber_raw/hhs_breach_report.csv
"Pediatric Home Respiratory Services, LLC d/b/a Pediatric Home Service",MN,Healthcare Provider,41792,2025-01-06,Hacking/IT Incident,Network Server,No,null,2026-05-16T14:51:49.733Z,dbfs:/Volumes/workspace/default/healthcare_cyber_raw/hhs_breach_report.csv
North Los Angeles County Regional Center,CA,Business Associate,500,2025-01-06,Hacking/IT Incident,Network Server,Yes,null,2026-05-16T14:51:49.733Z,dbfs:/Volumes/workspace/default/healthcare_cyber_raw/hhs_breach_report.csv
"Ingham County Medical Care Facility, d/b/a Dobie Road",MI,Healthcare Provider,3078,2025-01-05,Hacking/IT Incident,Electronic Medical Record,Yes,null,2026-05-16T14:51:49.733Z,dbfs:/Volumes/workspace/default/healthcare_cyber_raw/hhs_breach_report.csv
Buffalo Surgery Center,NY,Healthcare Provider,64000,2025-01-04,Hacking/IT Incident,Network Server,No,null,2026-05-16T14:51:49.733Z,dbfs:/Volumes/workspace/default/healthcare_cyber_raw/hhs_breach_report.csv
The Plastic Surgery Center,NJ,Healthcare Provider,64813,2025-01-03,Hacking/IT Incident,Network Server,No,null,2026-05-16T14:51:49.733Z,dbfs:/Volumes/workspace/default/healthcare_cyber_raw/hhs_breach_report.csv
Watsonville Community Hospital,CA,Healthcare Provider,30312,2024-12-31,Hacking/IT Incident,Network Server,No,null,2026-05-16T14:51:49.733Z,dbfs:/Volumes/workspace/default/healthcare_cyber_raw/hhs_breach_report.csv
"Legacy Treatment Services, Inc.",NJ,Healthcare Provider,29898,2024-12-31,Hacking/IT Incident,Network Server,No,null,2026-05-16T14:51:49.733Z,dbfs:/Volumes/workspace/default/healthcare_cyber_raw/hhs_breach_report.csv
"Tycon Medical Systems, Inc.",VA,Healthcare Provider,112847,2024-12-30,Hacking/IT Incident,Network Server,No,null,2026-05-16T14:51:49.733Z,dbfs:/Volumes/workspace/default/healthcare_cyber_raw/hhs_breach_report.csv
Omaha Surgical Center,NE,Healthcare Provider,1110,2024-12-30,Hacking/IT Incident,Email,No,null,2026-05-16T14:51:49.733Z,dbfs:/Volumes/workspace/default/healthcare_cyber_raw/hhs_breach_report.csv
Dragonfly Health,AZ,Business Associate,501,2024-12-27,Hacking/IT Incident,Email,Yes,null,2026-05-16T14:51:49.733Z,dbfs:/Volumes/workspace/default/healthcare_cyber_raw/hhs_breach_report.csv
Polaris Endeavors,FL,Healthcare Provider,4552,2024-12-24,Hacking/IT Incident,Network Server,No,null,2026-05-16T14:51:49.733Z,dbfs:/Volumes/workspace/default/healthcare_cyber_raw/hhs_breach_report.csv
Khalil Foundation (DBA Khalil Center),IL,Healthcare Provider,1153,2024-12-22,Unauthorized Access/Disclosure,Network Server,No,null,2026-05-16T14:51:49.733Z,dbfs:/Volumes/workspace/default/healthcare_cyber_raw/hhs_breach_report.csv
"Effortless Office Enterprises, LLC",NV,Business Associate,3112,2024-12-20,Hacking/IT Incident,Network Server,Yes,null,2026-05-16T14:51:49.733Z,dbfs:/Volumes/workspace/default/healthcare_cyber_raw/hhs_breach_report.csv
"HealthEquity, Inc.",UT,Business Associate,1549,2024-12-20,Hacking/IT Incident,Network Server,Yes,null,2026-05-16T14:51:49.733Z,dbfs:/Volumes/workspace/default/healthcare_cyber_raw/hhs_breach_report.csv
"PracticeSuite, Inc.",FL,Business Associate,13000,2024-12-17,Hacking/IT Incident,Network Server,Yes,null,2026-05-16T14:51:49.733Z,dbfs:/Volumes/workspace/default/healthcare_cyber_raw/hhs_breach_report.csv
"Regional Care, Inc.",NE,Healthcare Clearing House,225728,2024-12-17,Hacking/IT Incident,Network Server,No,null,2026-05-16T14:51:49.733Z,dbfs:/Volumes/workspace/default/healthcare_cyber_raw/hhs_breach_report.csv
Kitsap Mental Health Services,WA,Healthcare Provider,500,2024-12-16,Hacking/IT Incident,Network Server,No,null,2026-05-16T14:51:49.733Z,dbfs:/Volumes/workspace/default/healthcare_cyber_raw/hhs_breach_report.csv
Teton Orthopaedics,PA,Healthcare Provider,13409,2024-12-16,Hacking/IT Incident,Network Server,No,null,2026-05-16T14:51:49.733Z,dbfs:/Volumes/workspace/default/healthcare_cyber_raw/hhs_breach_report.csv
Northwest Asthma and Allergy Center,WA,Healthcare Provider,1000,2024-12-12,Hacking/IT Incident,Email,No,null,2026-05-16T14:51:49.733Z,dbfs:/Volumes/workspace/default/healthcare_cyber_raw/hhs_breach_report.csv
"El Paso Healthcare System, Ltd. d/b/a Las Palmas Del Sol Healthcare",TX,Healthcare Provider,1854,2024-12-11,Unauthorized Access/Disclosure,Electronic Medical Record,No,null,2026-05-16T14:51:49.733Z,dbfs:/Volumes/workspace/default/healthcare_cyber_raw/hhs_breach_report.csv
Community Connections ,DC,Healthcare Provider,18949,2024-12-11,Hacking/IT Incident,Network Server,No,null,2026-05-16T14:51:49.733Z,dbfs:/Volumes/workspace/default/healthcare_cyber_raw/hhs_breach_report.csv
River Region Cardiology,AL,Healthcare Provider,48600,2024-12-11,Hacking/IT Incident,Network Server,No,null,2026-05-16T14:51:49.733Z,dbfs:/Volumes/workspace/default/healthcare_cyber_raw/hhs_breach_report.csv
Texas Tech University Health Sciences Center El Paso,TX,Healthcare Provider,815000,2024-11-25,Hacking/IT Incident,Network Server,No,null,2026-05-16T14:51:49.733Z,dbfs:/Volumes/workspace/default/healthcare_cyber_raw/hhs_breach_report.csv
Texas Tech University Health Sciences Center,TX,Healthcare Provider,650000,2024-11-25,Hacking/IT Incident,Network Server,No,null,2026-05-16T14:51:49.733Z,dbfs:/Volumes/workspace/default/healthcare_cyber_raw/hhs_breach_report.csv
Citadel of Northbrook,IL,Healthcare Provider,2155,2024-11-25,Hacking/IT Incident,"Electronic Medical Record, Network Server",Yes,null,2026-05-16T14:51:49.733Z,dbfs:/Volumes/workspace/default/healthcare_cyber_raw/hhs_breach_report.csv
"American Addiction Centers, Inc.",TN,Business Associate,410747,2024-11-25,Hacking/IT Incident,Network Server,Yes,null,2026-05-16T14:51:49.733Z,dbfs:/Volumes/workspace/default/healthcare_cyber_raw/hhs_breach_report.csv
Conceptions Reproductive Associates of Colorado,CO,Healthcare Provider,80000,2024-11-25,Hacking/IT Incident,Network Server,No,null,2026-05-16T14:51:49.733Z,dbfs:/Volumes/workspace/default/healthcare_cyber_raw/hhs_breach_report.csv
Lubbock County Hospital District,TX,Healthcare Provider,1461776,2024-11-22,Hacking/IT Incident,Network Server,No,null,2026-05-16T14:51:49.733Z,dbfs:/Volumes/workspace/default/healthcare_cyber_raw/hhs_breach_report.csv
"East Central Missouri Behavioral Health Services, Inc.",MO,Healthcare Provider,20000,2024-11-21,Hacking/IT Incident,Network Server,No,null,2026-05-16T14:51:49.733Z,dbfs:/Volumes/workspace/default/healthcare_cyber_raw/hhs_breach_report.csv
Laboratory Services Cooperative ,WA,Healthcare Provider,501,2024-11-20,Hacking/IT Incident,Network Server,No,null,2026-05-16T14:51:49.733Z,dbfs:/Volumes/workspace/default/healthcare_cyber_raw/hhs_breach_report.csv
Terrace of Hialeah,FL,Healthcare Provider,1177,2024-11-18,Hacking/IT Incident,Network Server,Yes,null,2026-05-16T14:51:49.733Z,dbfs:/Volumes/workspace/default/healthcare_cyber_raw/hhs_breach_report.csv
"Dolton Nursing & Rehab, LLC",IL,Healthcare Provider,1559,2024-11-18,Hacking/IT Incident,"Electronic Medical Record, Network Server",Yes,null,2026-05-16T14:51:49.733Z,dbfs:/Volumes/workspace/default/healthcare_cyber_raw/hhs_breach_report.csv
"ESHA, Inc.",TX,Business Associate,76922,2024-11-15,Hacking/IT Incident,Network Server,Yes,null,2026-05-16T14:51:49.733Z,dbfs:/Volumes/workspace/default/healthcare_cyber_raw/hhs_breach_report.csv
ASPEN HEALTHCARE SERVICES INC,TX,Healthcare Provider,7195,2024-11-15,Hacking/IT Incident,Electronic Medical Record,No,null,2026-05-16T14:51:49.733Z,dbfs:/Volumes/workspace/default/healthcare_cyber_raw/hhs_breach_report.csv
Rocky Mountain Gastroenterology Associates PLLC ,CO,Healthcare Provider,366491,2024-11-13,Hacking/IT Incident,Network Server,No,null,2026-05-16T14:51:49.733Z,dbfs:/Volumes/workspace/default/healthcare_cyber_raw/hhs_breach_report.csv
"Radiologic Medical Services, P.C.",IA,Healthcare Provider,56902,2024-11-12,Hacking/IT Incident,Email,No,null,2026-05-16T14:51:49.733Z,dbfs:/Volumes/workspace/default/healthcare_cyber_raw/hhs_breach_report.csv
Humboldt Independent Practice Association (Humboldt IPA),CA,Healthcare Provider,500,2024-11-11,Hacking/IT Incident,Email,No,null,2026-05-16T14:51:49.733Z,dbfs:/Volumes/workspace/default/healthcare_cyber_raw/hhs_breach_report.csv
Huron Inc. Health Plan,MI,Health Plan,750,2024-11-08,Unauthorized Access/Disclosure,Network Server,No,null,2026-05-16T14:51:49.733Z,dbfs:/Volumes/workspace/default/healthcare_cyber_raw/hhs_breach_report.csv
Great Plains Regional Medical Center,OK,Healthcare Provider,133149,2024-11-07,Hacking/IT Incident,Network Server,No,null,2026-05-16T14:51:49.733Z,dbfs:/Volumes/workspace/default/healthcare_cyber_raw/hhs_breach_report.csv
"Mohawk Valley Cardiology, P.C.",NY,Healthcare Provider,4973,2024-11-04,Unauthorized Access/Disclosure,Other,No,null,2026-05-16T14:51:49.733Z,dbfs:/Volumes/workspace/default/healthcare_cyber_raw/hhs_breach_report.csv
"Northeast Professional Home Care, Inc.",OH,Healthcare Provider,648,2024-11-01,Hacking/IT Incident,Email,No,null,2026-05-16T14:51:49.733Z,dbfs:/Volumes/workspace/default/healthcare_cyber_raw/hhs_breach_report.csv
"Brain & Eye Connection Vision Clinic, PC",OK,Healthcare Provider,2207,2024-11-01,Hacking/IT Incident,Network Server,No,null,2026-05-16T14:51:49.733Z,dbfs:/Volumes/workspace/default/healthcare_cyber_raw/hhs_breach_report.csv
"Hawaii Radiologic Associates, Ltd. ",HI,Healthcare Provider,23205,2024-10-25,Hacking/IT Incident,Network Server,No,null,2026-05-16T14:51:49.733Z,dbfs:/Volumes/workspace/default/healthcare_cyber_raw/hhs_breach_report.csv
Gandara Mental Health Center ,MA,Healthcare Provider,20024,2024-10-24,Hacking/IT Incident,Network Server,No,null,2026-05-16T14:51:49.733Z,dbfs:/Volumes/workspace/default/healthcare_cyber_raw/hhs_breach_report.csv
"Northeast Spine and Sports Medicine, LLC",NJ,Healthcare Provider,6866,2024-10-24,Hacking/IT Incident,Network Server,No,null,2026-05-16T14:51:49.733Z,dbfs:/Volumes/workspace/default/healthcare_cyber_raw/hhs_breach_report.csv
Mystic Valley Elder Services - Business Associate,MA,Business Associate,2402,2024-10-22,Hacking/IT Incident,Network Server,Yes,null,2026-05-16T14:51:49.733Z,dbfs:/Volumes/workspace/default/healthcare_cyber_raw/hhs_breach_report.csv
Clay Platte Family Medicine,MO,Healthcare Provider,53916,2024-10-18,Hacking/IT Incident,Network Server,No,null,2026-05-16T14:51:49.733Z,dbfs:/Volumes/workspace/default/healthcare_cyber_raw/hhs_breach_report.csv
"Advanced Recovery Equipment & Supplies, LLC",NY,Healthcare Provider,56000,2024-10-18,Hacking/IT Incident,Network Server,No,null,2026-05-16T14:51:49.733Z,dbfs:/Volumes/workspace/default/healthcare_cyber_raw/hhs_breach_report.csv
Detroit Wayne Integrated Health Network,MI,Healthcare Provider,3347,2024-10-18,Hacking/IT Incident,Laptop,No,null,2026-05-16T14:51:49.733Z,dbfs:/Volumes/workspace/default/healthcare_cyber_raw/hhs_breach_report.csv
RRCA Accounts Management Inc.,IL,Business Associate,115837,2024-10-18,Hacking/IT Incident,"Desktop Computer, Network Server",Yes,null,2026-05-16T14:51:49.733Z,dbfs:/Volumes/workspace/default/healthcare_cyber_raw/hhs_breach_report.csv
"Summit Pathology and Summit Pathology Laboratories, Inc.",CO,Healthcare Provider,1813538,2024-10-18,Hacking/IT Incident,Network Server,No,null,2026-05-16T14:51:49.733Z,dbfs:/Volumes/workspace/default/healthcare_cyber_raw/hhs_breach_report.csv
"Ad Valorem Records, Inc. ",TN,Business Associate,590,2024-10-11,Unauthorized Access/Disclosure,Paper/Films,Yes,null,2026-05-16T14:51:49.733Z,dbfs:/Volumes/workspace/default/healthcare_cyber_raw/hhs_breach_report.csv
Wilmington Community Clinic,CA,Healthcare Provider,11601,2024-10-11,Hacking/IT Incident,Network Server,No,null,2026-05-16T14:51:49.733Z,dbfs:/Volumes/workspace/default/healthcare_cyber_raw/hhs_breach_report.csv
"TheraCom, L.L.C.",PA,Healthcare Provider,9271,2024-10-08,Hacking/IT Incident,Network Server,No,null,2026-05-16T14:51:49.733Z,dbfs:/Volumes/workspace/default/healthcare_cyber_raw/hhs_breach_report.csv
Schneider Regional Medical Center,null,Healthcare Provider,1570,2024-10-07,Hacking/IT Incident,Network Server,No,null,2026-05-16T14:51:49.733Z,dbfs:/Volumes/workspace/default/healthcare_cyber_raw/hhs_breach_report.csv
"Ciox Health LLC, d/b/a Datavant Group",AZ,Business Associate,320702,2024-10-07,Hacking/IT Incident,Email,Yes,null,2026-05-16T14:51:49.733Z,dbfs:/Volumes/workspace/default/healthcare_cyber_raw/hhs_breach_report.csv
"ATSG, Inc",NY,Business Associate,909469,2024-10-04,Hacking/IT Incident,Network Server,Yes,null,2026-05-16T14:51:49.733Z,dbfs:/Volumes/workspace/default/healthcare_cyber_raw/hhs_breach_report.csv
Omni Family Health,CA,Healthcare Provider,468344,2024-10-04,Hacking/IT Incident,Network Server,No,null,2026-05-16T14:51:49.733Z,dbfs:/Volumes/workspace/default/healthcare_cyber_raw/hhs_breach_report.csv
"Dr. Daniel J. Leeman, M.D.",TX,Healthcare Provider,50000,2024-10-04,Hacking/IT Incident,Network Server,No,null,2026-05-16T14:51:49.733Z,dbfs:/Volumes/workspace/default/healthcare_cyber_raw/hhs_breach_report.csv
Muskogee City County Enhanced 911 Trust Authority,OK,Business Associate,180000,2024-09-20,Hacking/IT Incident,Network Server,Yes,null,2026-05-16T14:51:49.733Z,dbfs:/Volumes/workspace/default/healthcare_cyber_raw/hhs_breach_report.csv
"Jacobsen Construction Co., Inc. Health Plan",UT,Health Plan,2127,2024-09-20,Hacking/IT Incident,Network Server,No,null,2026-05-16T14:51:49.733Z,dbfs:/Volumes/workspace/default/healthcare_cyber_raw/hhs_breach_report.csv
"Southern Bone & Joint Specialists, PA (“Southern Bone”)",MS,Healthcare Provider,7162,2024-09-17,Hacking/IT Incident,Email,No,null,2026-05-16T14:51:49.733Z,dbfs:/Volumes/workspace/default/healthcare_cyber_raw/hhs_breach_report.csv
Maryville Academy,IL,Healthcare Provider,500,2024-09-13,Hacking/IT Incident,Network Server,No,null,2026-05-16T14:51:49.733Z,dbfs:/Volumes/workspace/default/healthcare_cyber_raw/hhs_breach_report.csv
Atrium Health,NC,Healthcare Provider,32120,2024-09-13,Hacking/IT Incident,Email,No,null,2026-05-16T14:51:49.733Z,dbfs:/Volumes/workspace/default/healthcare_cyber_raw/hhs_breach_report.csv
"Nationwide Recovery Services, Inc.",GA,Business Associate,501,2024-09-09,Hacking/IT Incident,Network Server,Yes,null,2026-05-16T14:51:49.733Z,dbfs:/Volumes/workspace/default/healthcare_cyber_raw/hhs_breach_report.csv
Welcome Health,CA,Healthcare Provider,597,2024-09-06,Hacking/IT Incident,Email,No,null,2026-05-16T14:51:49.733Z,dbfs:/Volumes/workspace/default/healthcare_cyber_raw/hhs_breach_report.csv
"EngageMED, Inc ",AR,Business Associate,249297,2024-08-30,Hacking/IT Incident,Network Server,Yes,null,2026-05-16T14:51:49.733Z,dbfs:/Volumes/workspace/default/healthcare_cyber_raw/hhs_breach_report.csv
"CODAC Inc dba CODAC Behavioral Health and CODAC Healthcare, LLC",RI,Healthcare Provider,9592,2024-08-27,Hacking/IT Incident,Network Server,No,null,2026-05-16T14:51:49.733Z,dbfs:/Volumes/workspace/default/healthcare_cyber_raw/hhs_breach_report.csv
Blue Cross and Blue Shield of North Carolina,NC,Business Associate,972,2024-08-27,Hacking/IT Incident,Network Server,Yes,null,2026-05-16T14:51:49.733Z,dbfs:/Volumes/workspace/default/healthcare_cyber_raw/hhs_breach_report.csv
Pomona Community Health Center dba ParkTree Community Health Center,CA,Healthcare Provider,40964,2024-08-21,Hacking/IT Incident,Network Server,No,null,2026-05-16T14:51:49.733Z,dbfs:/Volumes/workspace/default/healthcare_cyber_raw/hhs_breach_report.csv
"Excelsior Orthopaedics, LLC",NY,Healthcare Provider,292913,2024-08-21,Hacking/IT Incident,Network Server,No,null,2026-05-16T14:51:49.733Z,dbfs:/Volumes/workspace/default/healthcare_cyber_raw/hhs_breach_report.csv
"VeriSource Services, Inc.",TX,Business Associate,112726,2024-08-20,Hacking/IT Incident,Network Server,Yes,null,2026-05-16T14:51:49.733Z,dbfs:/Volumes/workspace/default/healthcare_cyber_raw/hhs_breach_report.csv
"Acadian Ambulance Service, Inc. ",LA,Healthcare Provider,2896985,2024-08-20,Hacking/IT Incident,Network Server,No,null,2026-05-16T14:51:49.733Z,dbfs:/Volumes/workspace/default/healthcare_cyber_raw/hhs_breach_report.csv
"Contents Trader, Inc.",TX,Healthcare Provider,27329,2024-08-20,Unauthorized Access/Disclosure,Network Server,No,null,2026-05-16T14:51:49.733Z,dbfs:/Volumes/workspace/default/healthcare_cyber_raw/hhs_breach_report.csv
"Kerber, Eck & Braeckel LLP",IL,Business Associate,134918,2024-08-16,Hacking/IT Incident,Network Server,Yes,null,2026-05-16T14:51:49.733Z,dbfs:/Volumes/workspace/default/healthcare_cyber_raw/hhs_breach_report.csv
"Specialty Networks, Inc. ",TN,Business Associate,411037,2024-08-15,Hacking/IT Incident,Network Server,Yes,null,2026-05-16T14:51:49.733Z,dbfs:/Volumes/workspace/default/healthcare_cyber_raw/hhs_breach_report.csv
"Turning Point of Central California, Inc.",CA,Healthcare Provider,53737,2024-08-09,Hacking/IT Incident,Network Server,No,null,2026-05-16T14:51:49.733Z,dbfs:/Volumes/workspace/default/healthcare_cyber_raw/hhs_breach_report.csv
"HealthEquity, Inc.",UT,Business Associate,4300000,2024-08-09,Hacking/IT Incident,Network Server,Yes,null,2026-05-16T14:51:49.733Z,dbfs:/Volumes/workspace/default/healthcare_cyber_raw/hhs_breach_report.csv
Pemiscot Memorial Health System,MO,Healthcare Provider,33279,2024-08-09,Unauthorized Access/Disclosure,Electronic Medical Record,No,null,2026-05-16T14:51:49.733Z,dbfs:/Volumes/workspace/default/healthcare_cyber_raw/hhs_breach_report.csv
"Calibrated Healthcare, LLC",CA,Business Associate,6890,2024-08-02,Hacking/IT Incident,Network Server,Yes,null,2026-05-16T14:51:49.733Z,dbfs:/Volumes/workspace/default/healthcare_cyber_raw/hhs_breach_report.csv
Alabama Cardiovascular Group,AL,Healthcare Provider,280534,2024-08-02,Hacking/IT Incident,Network Server,No,null,2026-05-16T14:51:49.733Z,dbfs:/Volumes/workspace/default/healthcare_cyber_raw/hhs_breach_report.csv
Wayne Memorial Hospital,GA,Healthcare Provider,2500,2024-08-02,Hacking/IT Incident,Network Server,No,null,2026-05-16T14:51:49.733Z,dbfs:/Volumes/workspace/default/healthcare_cyber_raw/hhs_breach_report.csv
Roseland Community Hospital Association,IL,Healthcare Provider,500,2024-08-01,Hacking/IT Incident,Network Server,No,null,2026-05-16T14:51:49.733Z,dbfs:/Volumes/workspace/default/healthcare_cyber_raw/hhs_breach_report.csv
Frilot L.L.C.,LA,Business Associate,1448,2024-08-01,Hacking/IT Incident,Network Server,Yes,null,2026-05-16T14:51:49.733Z,dbfs:/Volumes/workspace/default/healthcare_cyber_raw/hhs_breach_report.csv
Deer Oaks Behavioral Health ,TX,Healthcare Provider,171871,2024-07-31,Hacking/IT Incident,Network Server,No,null,2026-05-16T14:51:49.733Z,dbfs:/Volumes/workspace/default/healthcare_cyber_raw/hhs_breach_report.csv
Delta County Memorial Hospital District (Delta Health),CO,Healthcare Provider,148363,2024-07-29,Hacking/IT Incident,Network Server,No,null,2026-05-16T14:51:49.733Z,dbfs:/Volumes/workspace/default/healthcare_cyber_raw/hhs_breach_report.csv
United of Omaha Life Insurance Company,NE,Health Plan,107894,2024-07-26,Hacking/IT Incident,Email,No,null,2026-05-16T14:51:49.733Z,dbfs:/Volumes/workspace/default/healthcare_cyber_raw/hhs_breach_report.csv
Surgery Center of Mid Florida,FL,Healthcare Provider,48684,2024-07-24,Hacking/IT Incident,Network Server,No,null,2026-05-16T14:51:49.733Z,dbfs:/Volumes/workspace/default/healthcare_cyber_raw/hhs_breach_report.csv
Sutton Dental Arts,OR,Healthcare Provider,4109,2024-07-22,Hacking/IT Incident,Network Server,No,null,2026-05-16T14:51:49.733Z,dbfs:/Volumes/workspace/default/healthcare_cyber_raw/hhs_breach_report.csv
"EMS Department for the Kansas City, Kansas Fire Department   ",KS,Healthcare Provider,501,2024-07-20,Hacking/IT Incident,Network Server,No,null,2026-05-16T14:51:49.733Z,dbfs:/Volumes/workspace/default/healthcare_cyber_raw/hhs_breach_report.csv
"Community Counseling of Bristol County, Inc.",MA,Healthcare Provider,44991,2024-07-19,Hacking/IT Incident,Network Server,No,null,2026-05-16T14:51:49.733Z,dbfs:/Volumes/workspace/default/healthcare_cyber_raw/hhs_breach_report.csv
"Change Healthcare, Inc.",MN,Business Associate,192700000,2024-07-19,Hacking/IT Incident,Network Server,Yes,null,2026-05-16T14:51:49.733Z,dbfs:/Volumes/workspace/default/healthcare_cyber_raw/hhs_breach_report.csv
Fairfax Radiological Consultants ,VA,Healthcare Provider,3512,2024-07-12,Hacking/IT Incident,Network Server,No,null,2026-05-16T14:51:49.733Z,dbfs:/Volumes/workspace/default/healthcare_cyber_raw/hhs_breach_report.csv
School Employees' Benefit Trust,IN,Health Plan,1371,2024-07-05,Hacking/IT Incident,Network Server,Yes,null,2026-05-16T14:51:49.733Z,dbfs:/Volumes/workspace/default/healthcare_cyber_raw/hhs_breach_report.csv
Palomar Health Medical Group,CA,Healthcare Provider,1140221,2024-07-03,Hacking/IT Incident,Network Server,No,null,2026-05-16T14:51:49.733Z,dbfs:/Volumes/workspace/default/healthcare_cyber_raw/hhs_breach_report.csv
Ascension Health,MO,Healthcare Provider,5466931,2024-07-03,Hacking/IT Incident,Network Server,No,null,2026-05-16T14:51:49.733Z,dbfs:/Volumes/workspace/default/healthcare_cyber_raw/hhs_breach_report.csv
"Atlanta Perinatal Consultants, LLP",GA,Healthcare Provider,1508,2024-07-02,Hacking/IT Incident,Network Server,Yes,null,2026-05-16T14:51:49.733Z,dbfs:/Volumes/workspace/default/healthcare_cyber_raw/hhs_breach_report.csv
Regional Obstetrical Consultants PC,TN,Healthcare Provider,25650,2024-07-02,Hacking/IT Incident,Network Server,No,null,2026-05-16T14:51:49.733Z,dbfs:/Volumes/workspace/default/healthcare_cyber_raw/hhs_breach_report.csv
"Georgia Kidney Associates, Inc.",GA,Healthcare Provider,9940,2024-06-28,Theft,Other,No,null,2026-05-16T14:51:49.733Z,dbfs:/Volumes/workspace/default/healthcare_cyber_raw/hhs_breach_report.csv
"The Lash Group, LLC",PA,Business Associate,15196,2024-06-21,Hacking/IT Incident,Network Server,Yes,null,2026-05-16T14:51:49.733Z,dbfs:/Volumes/workspace/default/healthcare_cyber_raw/hhs_breach_report.csv
"Neurobehavioral Medicine Consultants, P.C.",OH,Healthcare Provider,18182,2024-06-14,Hacking/IT Incident,Network Server,No,null,2026-05-16T14:51:49.733Z,dbfs:/Volumes/workspace/default/healthcare_cyber_raw/hhs_breach_report.csv
ASBESTOS WORKERS LOCAL 42 WELFARE PLAN,GA,Health Plan,520,2024-06-11,Hacking/IT Incident,Network Server,Yes,null,2026-05-16T14:51:49.733Z,dbfs:/Volumes/workspace/default/healthcare_cyber_raw/hhs_breach_report.csv
"Signature Performance, Inc.",NE,Business Associate,130228,2024-06-10,Hacking/IT Incident,Network Server,Yes,null,2026-05-16T14:51:49.733Z,dbfs:/Volumes/workspace/default/healthcare_cyber_raw/hhs_breach_report.csv
Community Alliance Rehabilitation Services,NE,Healthcare Provider,10750,2024-06-07,Hacking/IT Incident,Network Server,No,null,2026-05-16T14:51:49.733Z,dbfs:/Volumes/workspace/default/healthcare_cyber_raw/hhs_breach_report.csv
Insurance ACE/Humana Inc.,KY,Health Plan,15003,2024-06-05,Unauthorized Access/Disclosure,Paper/Films,No,null,2026-05-16T14:51:49.733Z,dbfs:/Volumes/workspace/default/healthcare_cyber_raw/hhs_breach_report.csv
Panorama Eyecare,CO,Healthcare Provider,377911,2024-06-05,Hacking/IT Incident,Network Server,No,null,2026-05-16T14:51:49.733Z,dbfs:/Volumes/workspace/default/healthcare_cyber_raw/hhs_breach_report.csv
"AmerisourceBergen Specialty Group, LLC",PA,Healthcare Provider,3102,2024-05-31,Hacking/IT Incident,Network Server,No,null,2026-05-16T14:51:49.733Z,dbfs:/Volumes/workspace/default/healthcare_cyber_raw/hhs_breach_report.csv
"AmerisourceBergen Specialty Group, LLC",PA,Healthcare Provider,252214,2024-05-24,Hacking/IT Incident,Network Server,No,null,2026-05-16T14:51:49.733Z,dbfs:/Volumes/workspace/default/healthcare_cyber_raw/hhs_breach_report.csv
A&A Services d/b/a Sav-Rx,NE,Business Associate,2812336,2024-05-24,Hacking/IT Incident,Network Server,Yes,null,2026-05-16T14:51:49.733Z,dbfs:/Volumes/workspace/default/healthcare_cyber_raw/hhs_breach_report.csv
"Trionfo Solutions, LLC",IL,Business Associate,81588,2024-05-22,Hacking/IT Incident,Network Server,Yes,null,2026-05-16T14:51:49.733Z,dbfs:/Volumes/workspace/default/healthcare_cyber_raw/hhs_breach_report.csv
Omni Healthcare Financial Holdings,NC,Business Associate,16852,2024-05-18,Hacking/IT Incident,Network Server,Yes,null,2026-05-16T14:51:49.733Z,dbfs:/Volumes/workspace/default/healthcare_cyber_raw/hhs_breach_report.csv
Victoria Eye Center/Victoria Surgery Center/Victoria Vision Center,TX,Healthcare Provider,80000,2024-05-17,Hacking/IT Incident,Network Server,No,null,2026-05-16T14:51:49.733Z,dbfs:/Volumes/workspace/default/healthcare_cyber_raw/hhs_breach_report.csv
"Pope & Conner Consulting, Inc.",WI,Business Associate,1035,2024-05-15,Hacking/IT Incident,Email,Yes,null,2026-05-16T14:51:49.733Z,dbfs:/Volumes/workspace/default/healthcare_cyber_raw/hhs_breach_report.csv
Medical Express Ambulance Inc.  D/B/A Medex Ambulance,IL,Healthcare Provider,121190,2024-05-02,Hacking/IT Incident,Network Server,No,null,2026-05-16T14:51:49.733Z,dbfs:/Volumes/workspace/default/healthcare_cyber_raw/hhs_breach_report.csv
Kootenai Health,ID,Healthcare Provider,464088,2024-04-24,Hacking/IT Incident,Network Server,No,null,2026-05-16T14:51:49.733Z,dbfs:/Volumes/workspace/default/healthcare_cyber_raw/hhs_breach_report.csv
NorthBay Healthcare Corporation,CA,Healthcare Provider,569012,2024-04-23,Hacking/IT Incident,Network Server,No,null,2026-05-16T14:51:49.733Z,dbfs:/Volumes/workspace/default/healthcare_cyber_raw/hhs_breach_report.csv
"Cumberland Heights Foundation, Inc. ",TN,Healthcare Provider,5078,2024-04-19,Hacking/IT Incident,Email,No,null,2026-05-16T14:51:49.733Z,dbfs:/Volumes/workspace/default/healthcare_cyber_raw/hhs_breach_report.csv
Delta Health System,MS,Healthcare Provider,216532,2024-03-29,Hacking/IT Incident,Network Server,No,null,2026-05-16T14:51:49.733Z,dbfs:/Volumes/workspace/default/healthcare_cyber_raw/hhs_breach_report.csv
"Vail Summit Orthopaedics, LLC (“VSON”)",CO,Healthcare Provider,1138,2024-03-04,Hacking/IT Incident,Network Server,No,null,2026-05-16T14:51:49.733Z,dbfs:/Volumes/workspace/default/healthcare_cyber_raw/hhs_breach_report.csv
"Bradford Health Services, LLC ",AL,Healthcare Provider,28543,2024-02-06,Hacking/IT Incident,Network Server,No,null,2026-05-16T14:51:49.733Z,dbfs:/Volumes/workspace/default/healthcare_cyber_raw/hhs_breach_report.csv
Bloom Health Centers,MD,Healthcare Provider,1954,2024-02-01,Hacking/IT Incident,Email,No,null,2026-05-16T14:51:49.733Z,dbfs:/Volumes/workspace/default/healthcare_cyber_raw/hhs_breach_report.csv
Marathon County Special Education,WI,Healthcare Provider,10079,2023-12-20,Hacking/IT Incident,Email,No,null,2026-05-16T14:51:49.733Z,dbfs:/Volumes/workspace/default/healthcare_cyber_raw/hhs_breach_report.csv
Community Dental,ME,Healthcare Provider,1523,2023-11-17,Hacking/IT Incident,Network Server,No,null,2026-05-16T14:51:49.733Z,dbfs:/Volumes/workspace/default/healthcare_cyber_raw/hhs_breach_report.csv
Claxton-Hepburn Medical Center,NY,Healthcare Provider,757,2023-11-02,Hacking/IT Incident,Network Server,No,null,2026-05-16T14:51:49.733Z,dbfs:/Volumes/workspace/default/healthcare_cyber_raw/hhs_breach_report.csv
Premier Health Partners and wholly owned covered entities listed in description section below,OH,Healthcare Provider,10833,2023-10-12,Hacking/IT Incident,Network Server,No,null,2026-05-16T14:51:49.733Z,dbfs:/Volumes/workspace/default/healthcare_cyber_raw/hhs_breach_report.csv
